Site,Plot,X,Y,TP,Comments,Sex,Pollination,Jun-21-2021,Jun-23-2021,Jun-25-2021,Jun-28-2021,Jun-29-2021,Jun-30-2021,Jul-2-2021,Jul-5-2021,Jul-8-2021,Jul-12-2021,Jul-14-2021,Jul-16-2021,Jul-19-2021,Jul-21-2021,Jul-23-2021,Jul-26-2021
T1,C,0,26,BC,small,,,0,0,0,0,,0,0,0,0,0,,,,,,
T1,C,14,20,RH,,F,,0,0,0,16,,3,6,0,2,1,0,0,0,0,,
T1,C,15,10,GS,,F,,0,0,0,0,,0,0,7,0,0,,,,,,
T1,C,38,59,WC,out,H,,0,0,0,0,,0,0,0,0,0,,,,,,
T1,C,48,-14,RD,,,,0,0,0,0,,0,0,0,0,0,,,,,,
T1,C,54,5,OH,,H,,0,0,0,4,,0,1,1,0,0,,,,,,
T1,C,60,34,YH,,H,,0,0,0,17,,1,17,16,13,3,1,1,0,0,,
T1,C,70,-18,OS,,H,,0,0,0,1,,0,1,6,7,2,1,1,0,0,,
T1,C,80,-52,YS,,,,0,0,0,0,,0,0,0,0,0,,,,,,
T1,C,97,48,RH,,,,0,0,0,0,,0,0,0,0,0,,,,,,
T1,C,105,40,GH,,H,,0,0,0,0,,0,0,1,1,0,0,,,,,
T1,C,110,17,BH,tiny,,,0,0,0,0,,0,0,0,0,0,,,,,,
T1,C,117,52,WH,,,,0,0,0,0,,0,0,0,0,0,,,,,,
T1,C,118,10,RC,,,,0,0,0,0,,0,0,0,0,0,,,,,,
T1,C,121,-10,BH,TP to left,F,,0,0,0,4,,0,1,0,0,0,,,,,,
T1,C,125,15,YS,,H,,0,0,0,0,,0,1,1,1,0,0,,,,,
T1,C,132,8,GC,R of TPs,,,0,0,0,0,,0,0,0,0,0,0,,,,,
T1,C,139,-10,GH,DB,,,0,0,0,0,,0,0,0,0,0,,,,,,
T1,C,141,16,OH,,F,,0,0,0,10,,0,10,9,4,2,0,0,0,0,,
T1,C,142,-32,WH,,F,,0,0,0,0,,0,B,1,2,0,0,,,,,
T1,C,142,40,GS,tiny,,,0,0,0,0,,0,0,0,0,0,,,,,,
T1,C,160,-5,RD,,H,,0,0,0,0,,0,0,0,0,0,,,,,,
T1,C,163,-33,YS,,,,0,0,0,0,,0,0,0,0,0,,,,,,
T1,C,164,-24,OD,,,,0,0,0,0,,0,0,0,0,0,,,,,,
T1,C,165,58,WC,out,H,,0,0,0,1,,1,1,0,0,0,,,,,,
T1,C,170,28,BH,,F,,0,0,0,0,,0,0,0,0,0,,,,,,
T1,C,172,42,OS,,H,,0,0,0,1,,2,3,5,2,0,0,,,,,
T1,C,179,-18,BC,,H,,0,0,0,3,,3,5,11,2,2,0,1,0,0,,
T1,C,192,-58,GD,,F,,0,0,0,3,,0,1,0,0,0,,,,,,
T1,C,202,-25,WC,,,,0,0,0,0,,0,B,0,0,0,,,,,,
T1,C,215,-43,RS,,,,0,0,0,1,,1,1,0,0,0,,,,,,
T1,C,222,-16,OS,!phlox,,,0,0,0,0,,0,0,0,0,0,,,,,,
T1,C,246,40,RH,,H,,0,0,0,9,,8,8,10,4,0,0,,,,,
T1,C,260,0,YC,middle of tape,H,,0,0,0,B,,1,7,4,6,2,1,1,0,0,,0
T1,C,260,35,BD,,H,,0,0,0,0,,0,0,0,0,1,1,1,0,,,
T1,C,264,58,YS,out,,,0,0,0,0,,0,0,0,0,0,,,,,,
T1,C,277,14,OS,,F?,,0,0,0,3,,1,1,2,2,0,0,,,,,
T1,C,321,-29,BH,,H,,0,0,0,6,,1,0,0,0,0,,,,,,
T1,C,336,-19,GH,,H,,0,0,0,2,,2,2,1,1,0,0,,,,,
T1,C,375,7,WH,small,,,0,0,0,0,,0,0,0,0,0,,,,,,
T1,C,377,-31,WH,TP to right,,,0,0,0,0,,0,0,0,0,0,,,,,,
T1,C,410,50,RC,small,H,,0,0,0,0,,0,0,0,0,0,,,,,,
T1,C,432,54,BC,tiny,,,0,0,0,0,,0,0,0,0,0,,,,,,
T1,C,456,19,OH,tiny,,,0,0,0,0,,0,0,0,0,0,,,,,,
T1,C,459,16,BH,tiny,,,0,0,0,0,,0,0,0,0,0,,,,,,
T1,C,465,33,RD,,,,0,0,0,0,,0,0,0,0,0,,,,,,
T1,C,485,-40,RH,,,,0,0,0,0,,0,0,0,0,0,,,,,,
T1,C,511,-6,OS,ST,H,,0,0,0,13,,8,3,2,2,0,,,,,,
T1,C,514,41,BH,,H,,0,0,0,1,,0,2,9,19,10,7,6,7,2,,0
T1,C,564,-41,YH,,H,,0,0,0,11,,18,24,37,26,7,2,1,0,0,,0
T1,C,598,-41,GS,,,,0,0,0,0,,0,0,0,0,0,,,,,,
T1,C,605,-37,WC,,H,,0,0,0,0,,0,0,0,0,0,,,,,,
T1,C,612,-51,BH,,H,,0,0,0,10,,12,19,24,21,17,12,13,6,2,,0
T1,C,659,-15,RH,mostly dead,H,,0,0,0,0,,0,1,0,0,0,,,,,,
T1,C,663,46,YD,,,,0,0,0,B,,0,B,0,B,B,B,B,0,,,
T1,C,667,20,RC,,H,,0,0,0,1,,2,3,4,1,0,0,,,,,
T1,C,673,-36,OD,,,,0,0,0,0,,0,0,0,0,0,,,,,,
T1,C,681,-18,YD,TP to right,,,0,0,0,0,,0,0,0,0,0,,,,,,
T1,C,685,32,WC,,F,,0,0,0,1,,0,0,0,0,0,,,,,,
T1,C,690,-24,BH,,,,0,0,0,0,,0,0,0,0,0,,,,,,
T1,C,700,28,RH,,H,,0,0,0,0,,0,0,0,0,0,,,,,,
T1,C,700,40,BC,small,,,0,0,0,0,,0,0,0,0,0,,,,,,
T1,C,702,-16,RH,,F,,0,0,0,1,,0,3,0,1,1,0,0,0,,,
T1,C,704,21,GD,,H,,0,0,0,0,,0,0,0,0,0,,,,,,
T1,C,711,-44,OS,,F,,0,0,0,0,,0,0,0,0,0,,,,,,
T1,C,720,-11,YS,,,,0,0,0,0,,0,0,0,0,0,,,,,,
T1,C,743,9,GH,,,,0,0,0,0,,0,0,0,0,0,,,,,,
T1,C,762,40,OC,DB,H,,0,0,0,1,,0,0,0,0,0,,,,,,
T1,C,788,-45,GD,,H,,0,0,0,4,,7,9,11,2,1,0,0,0,0,,
T1,C,798,-53,BC,,H,,0,0,0,4,,2,0,0,0,0,,,,,,
T1,C,820,28,WH,,,,0,0,0,0,,0,0,0,0,0,,,,,,
T1,C,825,-40,WH,,,,0,0,0,0,,0,0,0,0,0,,,,,,
T1,C,827,-54,RC,,H,,0,0,0,4,,0,1,0,1,0,0,,,,,
T1,C,828,54,OD,,,,0,0,0,0,,0,0,0,0,0,,,,,,
T1,C,833,-60,OS,"mostly dead, TP by alive bit, out",,,0,0,0,0,,0,0,0,0,0,,,,,,
T1,C,839,33,BC,,H,,0,0,0,B,,0,B,1,1,1,0,0,0,,,
T1,C,865,3,RH,,,,0,0,0,0,,0,0,0,0,0,,,,,,
T1,C,869,-27,YD,mostly dead ,,,0,0,0,0,,0,0,0,B,B,B,1,1,0,,0
T1,C,932,-54,BC,DB,,,0,0,0,0,,0,0,0,0,0,,,,,,
T1,C,943,-25,GD,tiny,,,0,0,0,0,,0,0,0,0,0,,,,,,
T1,C,958,24,RD,,,,0,0,0,0,,0,0,0,0,0,,,,,,
T1,C,959,27,OC,,,,0,0,0,0,,0,0,0,0,0,,,,,,
T1,C,979,-36,WH,,H,,0,0,0,5,,0,0,0,0,0,,,,,,
T1,C,1004,27,BC,mostly dead - 1 leaf,,,0,0,0,0,,0,0,0,0,0,,,,,,
T1,C,1013,28,GH,,,,0,0,0,0,,0,0,0,0,0,,,,,,
T1,C,1016,33,WH,,,,0,0,0,0,,0,0,0,0,0,,,,,,
T1,C,1092,41,WH,DB,H,,0,0,0,3,,3,4,5,5,3,2,1,0,0,,
T1,C,1161,23,BC,,H,,0,0,0,0,,0,0,0,0,0,,,,,,
T1,C,1177,-35,RH,,,,0,0,0,0,,0,0,0,0,0,,,,,,
T1,C,1211,-36,OS,,,,0,0,0,0,,0,0,0,0,0,,,,,,
T1,C,1215,20,GD,small,,,0,0,0,0,,0,0,0,0,0,,,,,,
T1,C,1227,-32,YC,tiny,,,0,0,0,0,,0,0,0,0,0,,,,,,
T1,C,1295,0,GC,ST,,,0,0,0,0,,0,0,0,0,0,,,,,,
T1,E,8,-10,YH,,H,,0,0,0,0,,0,0,B,1,2,2,0,0,0,,
T1,E,20,-1,GS,ST,F,,0,0,0,0,,B,0,B,1,2,3,2,1,1,,0
T1,E,22,47,RS,small,,,0,0,0,0,,0,0,0,0,0,,,,,,
T1,E,49,12,OD,,,,0,0,0,0,,0,0,0,0,0,,,,,,
T1,E,49,56,YS,by edge! ,,,0,0,0,0,,0,0,0,0,0,,,,,,
T1,E,64,11,YS,,H,,B,B,1,B,,B,0,3,3,1,1,0,0,0,,
T1,E,76,34,BH,mostly dead,,,0,0,0,0,,0,0,0,0,0,,,,,,
T1,E,90,-40,RH,!PHL,H,,0,B,B,B,,1,1,2,4,3,1,2,0,0,,
T1,E,95,-5,WC,center DB,H?,,0,0,1,B,,0,0,0,B,B,B,B,0,0,,
T1,E,105,-17,GD,,F,,4,28,15,4,,4,3,2,0,0,,,,,,
T1,E,134,0,GD,ST,,,0,0,0,0,,0,0,0,0,0,,,,,,
T1,E,140,59,GD,edge,H,,B,B,1,4,,3,5,8,4,0,0,,,,,
T1,E,147,19,WC,!PHL,,,0,0,0,0,,0,0,0,0,0,,,,,,
T1,E,163,8,RS,ST,H,,8,25,23,27,,23,42,50,30,9,7,3,0,0,,0
T1,E,175,58,YH,,,,0,0,0,0,,0,0,0,0,0,,,,,,
T1,E,185,30,OS,,,,0,0,0,0,,0,0,0,0,0,,,,,,
T1,E,188,-7,RH,,,,0,0,0,0,,0,0,0,0,0,,,,,,
T1,E,198,7,YS,"ST, TP to right",,,0,0,0,0,,0,0,0,0,0,,,,,,
T1,E,200,58,RD,,,,0,0,0,0,,0,0,0,0,0,,,,,,
T1,E,203,32,BH,,H,,2,15,4,6,,3,8,8,2,0,0,,,,,
T1,E,210,-20,YD,small,,,0,0,0,0,,0,0,0,0,0,,,,,,
T1,E,220,-30,GH,alive @ edges,,,0,B,B,B,,B,0,1,B,1,0,0,0,0,,
T1,E,240,-1,BH,ST,F,,1,4,6,6,,4,6,16,21,10,3,2,0,0,,
T1,E,261,5,GC,DB,H,,1,3,3,2,,0,0,0,B,1,1,0,0,0,,
T1,E,278,31,WH,,H,,B,B,1,2,,1,3,3,5,0,1,1,0,0,,
T1,E,286,-51,OD,,H,,B,6,6,4,,5,12,19,13,1,0,0,0,0,,
T1,E,298,59,BH,,H,,B,B,B,B,,3,3,3,0,0,,,,,,
T1,E,302,18,RH,,H,,0,0,0,0,,0,0,1,1,0,0,,,,,
T1,E,346,37,OS,!PHL,H,,B,4,2,3,,0,0,2,2,2,2,2,0,0,,
T1,E,405,60,YC,,,,0,0,B,1,,0,0,1,9,0,0,,,,,
T1,E,420,-16,OD,,,,0,0,B,B,,B,0,2,0,0,,,,,,
T1,E,431,59,RD,,H,,B,1,1,0,,2,4,2,0,0,,,,,,
T1,E,440,25,YH,,,,0,0,0,0,,0,0,0,0,0,,,0,,,
T1,E,470,32,BH,!PHL,,,0,0,0,0,,0,0,0,0,0,,,,,,
T1,E,475,-2,YH,"small, !PHL",,,0,0,0,0,,0,0,0,0,0,,,,,,
T1,E,534,6,GD,,,,0,0,0,0,,0,0,0,0,0,,,,,,
T1,E,537,-48,RC,small,,,0,0,0,0,,0,0,0,0,0,,,,,,
T1,E,567,25,WC,,,,0,0,0,0,,0,0,0,0,0,,,,,,
T1,E,588,28,RD,,,,1,1,B,B,,B,0,0,0,0,,,,,,
T1,E,600,-27,WC,,,,0,0,0,0,,0,0,0,0,0,,,,,,
T1,E,601,27,OS,mostly dead,,,0,0,0,0,,0,0,0,0,0,,,,,,
T1,E,615,9,YD,"DB, TP to right",H,,B,B,1,0,,1,1,1,1,0,0,,,,,
T1,E,621,14,BC,mostly dead,,,0,0,0,0,,0,0,0,0,0,,,,,,
T1,E,629,22,GD,,,,0,0,0,0,,0,0,0,0,0,,,,,,
T1,E,650,-39,OD,small,,,0,0,0,0,,0,0,0,0,0,,,,,,
T1,E,650,-23,BH,small,,,0,0,0,0,,0,0,0,0,0,,,,,,
T1,E,690,20,WC,,,,0,0,0,0,,0,0,0,0,0,,,,,,
T1,E,735,-38,RH,small,,,0,0,0,0,,0,0,0,0,0,,,,,,
T1,E,742,-43,GH,,,,0,0,0,0,,0,0,0,0,0,,,,,,
T1,E,742,12,RH,,,,0,0,0,0,,0,0,B,0,0,,,,,,
T1,E,757,-44,BC,DB,,,0,0,0,0,,0,0,0,0,0,,,,,,
T1,E,765,0,YC,"ST, DB",,,0,0,0,0,,0,0,0,0,0,,,,,,
T1,E,778,-30,YD,,,,0,0,0,0,,0,0,0,0,0,,,,,,
T1,E,804,-11,RD,,,,0,0,0,0,,0,0,0,0,0,,,,,,
T1,E,807,-46,WH,,H,,B,1,1,1,,3,4,2,0,0,,,,,,
T1,E,810,5,OH,ST,F?,,0,0,0,0,,B,0,1,1,0,0,,,,,
T1,E,813,-26,GS,,H,,6,7,3,0,,0,1,1,B,0,0,,,,,
T1,E,819,32,GC,small,,,0,0,0,0,,0,0,0,0,0,,,,,,
T1,E,860,22,BD,,,,0,0,0,0,,0,0,0,0,0,,,,,,
T1,E,888,-8,RC,,H,,B,1,1,0,,0,1,2,0,0,,,,,,
T1,E,893,-16,YC,,,,0,0,0,0,,0,0,0,0,0,,,,,,
T1,E,903,-25,GD,,,,0,0,0,0,,0,0,0,0,0,,,,,,
T1,E,1030,-53,YS,DB,,,0,0,0,0,,0,0,0,0,0,,,,,,
T1,E,1040,-58,BC,,F,,2,2,1,0,,0,0,0,0,0,,,,,,
T1,E,1056,14,WC,"DB, 3 PCS",H,,0,5,4,5,,4,5,4,0,0,,,,,,
T1,E,1061,29,RH,,F,,0,3,1,0,,1,2,1,0,0,,,,,,
T1,E,1065,-14,BH,DB,,,0,0,0,0,,0,0,0,0,0,,,,,,
T1,E,1083,23,OC,"2 PCS, DB",,,0,0,0,0,,0,0,0,0,0,,,,,,
T1,E,1091,21,YC,"mostly dead, TP by alive bit",,,0,B,B,B,,B,0,2,B,"0,40","10,0",,,,,
T1,E,1113,4,BD,ST,H,,0,0,B,B,,B,0,1,2,0,0,,,,,
T1,E,1114,30,WH,TP bottom right,,,0,0,0,0,,0,0,0,0,0,,,,,,
T1,E,1130,41,OD,tiny,,,0,0,0,0,,0,0,0,0,0,,,,,,
T1,E,1131,31,RC,,F,,0,3,1,3,,2,5,6,3,0,0,,,,,
T1,E,1135,-52,OH,small,,,0,0,0,0,,0,0,0,0,0,,,,,,
T1,E,1137,58,BH,tiny,,,0,0,0,0,,0,0,0,0,0,0,,,,,
T1,E,1145,-50,RC,small,,,0,0,0,0,,0,0,0,0,0,,,,,,
T1,E,1152,-37,GD,TP top left,,,0,0,0,0,,0,0,0,0,0,,,,,,
T1,E,1159,7,YH,,H,,0,B,1,2,,2,3,10,7,5,2,2,,,,
T2,CA,27,13,RD,,,,0,0,0,0,,0,0,0,0,0,,,1,0,,0
T2,CA,35,15,OS,,,,0,0,0,0,,0,0,0,0,0,,,,,,
T2,CA,58,21,YD,,H,,0,53,39,26,,44,64,91,57,19,4,3,0,0,,
T2,CA,130,5,BH,,H,,0,B,1,0,,0,0,0,1,1,0,0,0,,,
T2,CA,200,29,WC,wraps around grass,H,,0,20,13,4,,5,7,5,4,4,2,2,2,0,,0
T2,CA,213,18,GS,,H,,0,B,1,1,,1,1,0,0,0,,,,,,
T2,CA,215,23,RD,,,,0,0,0,0,,0,0,0,0,0,,,,,,
T2,CA,250,43,OS,,H,,0,9,4,2,,3,4,3,2,2,1,1,1,0,,0
T2,CA,259,20,BH,TP slightly left,H,,0,5,11,5,,5,5,8,8,2,0,0,0,,,
T2,CA,260,42,YD,,H,,0,15,9,2,,3,4,9,5,1,0,0,0,,,
T2,CA,280,49,GD,,F,,0,1,2,0,,0,0,0,0,0,,,,,,
T2,CA,330,9,WC,,F,,0,37,32,9,,8,21,16,7,1,0,0,0,,,
T2,CA,348,21,RD,,F,,0,10,2,1,,0,2,0,1,0,0,,,,,
T2,CA,371,10,YS,,F,,0,10,2,1,,2,3,1,0,0,,,,,,
T2,CA,398,30,GD,"3 pieces, huge",H,,0,138,50,21,,40,45,51,19,11,3,4,0,0,,
T2,CA,425,45,BC,small,,,0,0,0,0,,0,0,0,0,0,,,,,,
T2,CA,428,,BC,,,,,,,,,,,,,,,,,,,
T2,CA,450,26,WH,,H,,0,11,6,8,,12,15,19,12,2,2,2,0,0,,
T2,CA,462,18,RH,,H,,0,4,2,4,,3,7,9,5,0,0,,,,,
T2,CA,695,36,BC,,H,,0,0,0,6,,8,13,16,6,0,0,,,,,
T2,CA,700,34,OS,,F,,0,0,0,1,,0,0,1,0,0,,,,,,
T2,CA,710,47,GS,,H,,0,0,0,16,,14,22,22,15,1,0,0,0,,,
T2,CA,740,10,RC,,,,0,0,0,0,,0,0,0,0,0,,,,,,
T2,CA,745,0,YS,"ST, !phlox",F,,0,0,0,5,,5,14,18,17,9,6,3,1,0,,0
T2,CA,770,33,RH,,H,,0,0,0,1,,2,5,10,4,2,0,0,0,,,
T2,CA,774,44,WC,Long oval,F,,0,0,0,2,,0,13,8,4,1,0,0,0,,,
T2,CA,785,33,GS,,F,,0,0,0,1,,2,0,6,5,1,0,0,0,,,
T2,CA,788,8,OS,small,H,,0,0,0,B,,B,0,1,2,1,1,0,0,,,
T2,CA,794,3,YC,not incl plt up,H,,0,0,0,3,,6,46,71,21,12,9,9,2,0,,0
T2,CA,800,6,BD,,H,,0,0,0,2,,0,10,7,6,2,2,2,0,0,,
T2,CA,803,10,WH,,F,,0,0,0,1,,0,0,3,1,0,0,,,,,
T2,CA,808,18,OD,"grows into bottom of RC (x=813,y=8)",H,,0,0,0,1,,1,2,1,0,0,,,,,,
T2,CA,813,8,RC,!OD to L,F,,0,0,0,19,,26,51,59,27,5,0,0,0,,,
T2,CA,818,23,GS,,H,,0,0,0,1,,1,3,2,0,0,,,,,,
T2,CA,1054,26,OH,small,,,0,0,0,0,,0,0,0,0,0,,,,,,
T2,CA,1059,1,RC,ST,H,,0,0,0,4,,7,23,29,39,19,8,11,7,0,,0
T2,CA,1069,42,BC,TP top right,H,,0,0,0,0,,0,4,2,0,0,,,,,,
T2,CA,1077,30,GS,,H,,0,0,0,7,,12,9,13,12,2,2,3,0,0,,
T2,CA,1080,15,YD,,H,,0,0,0,4,,2,8,5,3,0,0,,,,,
T2,CA,1111,7,WH,,,,0,0,0,0,,0,0,0,0,0,,,,,,
T2,CA,1125,12,RH,,F?,,0,0,0,2,,1,0,0,0,0,,,,,,
T2,CA,1165,30,OS,,H,,0,0,0,3,,3,6,4,1,1,0,0,0,,,
T2,CB,15,18,RD,,,,0,0,0,0,,,0,28,38,22,17,11,1,0,,0
T2,CB,20,-50,RS,,F,,0,0,0,1,,0,1,0,0,0,,,,,,
T2,CB,28,41,GH,small,,,0,0,0,0,,,0,0,0,0,,,,,,
T2,CB,64,-28,OD,,H,,0,0,0,0,,1,2,1,0,0,,,,,,
T2,CB,87,-14,YC,,,,0,0,0,0,,0,0,0,0,0,,,,,,
T2,CB,97,38,YS,,H,,0,0,0,4,,,11,16,16,9,5,2,0,0,,
T2,CB,137,-34,GD,,F,,0,0,0,0,,1,2,7,9,4,2,2,0,0,,
T2,CB,138,-7,BH,,F,,0,0,0,3,,7,17,15,15,3,1,0,0,,,
T2,CB,140,25,WH,,,,0,0,0,0,,,0,0,0,0,,,,,,
T2,CB,230,-50,WC,,H,,0,0,0,0,,1,1,0,0,0,,,,,,
T2,CB,260,36,BC,,H,,0,0,0,10,,,6,4,3,1,0,0,0,,,
T2,CB,315,14,RC,,H,,0,0,0,2,,,2,1,0,0,,,,,,
T2,CB,320,14,BS,,,,0,0,0,5,,,1,1,0,0,,,,,,
T2,CB,330,-13,RS,TP slightly right,F,,0,0,0,6,,6,9,6,0,0,,,,,,
T2,CB,330,15,GD,,F,,0,0,0,4,,,2,4,2,1,0,0,0,,,
T2,CB,372,27,YD,small,,,0,0,0,0,,,0,0,0,0,,,,,,
T2,CB,500,30,OS,,F,,0,0,0,2,,,7,8,9,7,4,4,2,2,,0
T2,CB,504,6,GD,"ST, incl pc down",H,,0,0,0,3,,,0,0,0,0,,,,,,
T2,CB,513,1,RH,,,,0,0,0,0,,,0,0,0,0,,,,,,
T2,CB,516,4,YS,,,,0,0,0,0,,,0,0,0,0,,,,,,
T2,CB,523,-46,OS,,H,,0,0,0,0,,3,2,2,2,0,0,,,,,
T2,CB,617,-31,YD,Very close to x = 617 TP = OD,,,0,0,0,0,,B,0,0,0,0,0,,,,,
T2,CB,617,-26,OD,Very close to x = 617 TP = YD,,,0,0,0,0,,0,0,0,0,0,,,,,,
T2,CB,623,-31,BC,,,,0,0,0,0,,0,0,0,0,0,,,,,,
T2,CB,630,28,RC,Dead?,,,0,0,0,0,,,0,0,0,0,,,,,,
T2,CB,641,1,OD,"2 plts! Fem = left, H = right",,,0,0,0,0,,,0,0,0,0,,,,,,
T2,CB,653,1,YS,TP top left,,,0,0,0,0,,,0,0,0,0,,,,,,
T2,CB,690,31,BC,,,,0,0,0,0,,,0,0,0,1,0,0,1,1,,0
T2,CB,702,-47,GS,,,,0,0,0,0,,0,0,0,0,0,,,,,,
T2,CB,706,27,GD,,,,0,0,0,0,,,0,0,0,0,,,,,,
T2,CB,711,6,WC,"ST, TP top left by RD",H,,0,0,0,8,,,24,31,25,6,5,5,1,1,,0
T2,CB,718,-3,RD,"ST, 2PCS",H,,0,0,0,0,,0,35,33,25,0,,,,,,
T2,CB,762,-2,WC,DB,H,,0,0,0,15,,0,4,0,0,0,,,,,,
T2,CB,793,31,RH,,H,,0,0,0,9,,,11,16,11,6,2,2,1,0,,0
T2,CB,798,43,OS,,,,0,0,0,0,,,0,0,0,0,,,,,,
T2,CB,832,-39,WD,,F,,0,0,0,0,,0,0,0,0,0,,,,,,
T2,CB,837,-7,GD,,,,0,0,0,0,,0,0,0,0,0,,,,,,
T2,CB,843,-32,RS,,H,,0,0,0,0,,1,8,8,1,0,0,,,,,
T2,CB,850,-20,OD,,F,,0,0,0,7,,8,24,27,22,4,2,0,0,0,,
T2,CB,852,44,YH,TP top right,,,0,0,0,0,,,0,0,0,0,,,,,,
T2,CB,855,20,YS,2 PCS,,,0,0,0,0,,,0,0,0,0,,,,,,
T2,CB,858,-27,YD,small,,,0,0,0,0,,0,0,0,0,0,,,,,,
T2,CB,860,0,BH,ST,F,,0,0,0,8,,,32,43,51,18,6,6,3,1,,0
T2,CB,870,-36,RH,phlox,H,,0,0,0,3,,3,2,3,1,2,1,1,0,0,,
T2,CB,873,44,GD,,H,,0,0,0,0,,,0,0,0,0,,,,,,
T2,CB,877,0,WH,split through transect,H,,0,0,0,3,,,7,8,5,4,4,3,0,0,,0
T2,CB,892,-34,OH,,,,0,0,0,0,,0,0,0,0,0,,,,,,
T2,CB,894,14,RC,,,,0,0,0,0,,,0,0,0,0,,,,,,
T2,CB,933,24,BH,"DB, many parts",H,,0,0,0,13,,,34,24,22,11,3,3,1,0,,0
T2,CB,980,-39,BC,,F,,0,0,0,8,,4,6,9,7,2,2,1,0,0,,
T2,CB,1068,37,BH,huge,F,,0,0,0,12,,,19,22,13,1,0,0,0,0,,
T2,CB,1100,20,RC,,F,,0,0,0,8,,,20,26,28,14,6,2,0,0,,
T2,CB,1113,-10,OC,,H,,0,0,0,5,,15,24,25,7,2,2,2,0,0,,
T2,CB,1117,-44,GS,,H,,0,0,0,1,,1,2,3,2,5,3,1,0,0,,
T2,CB,1217,15,YH,added super late on 7/12,F,,,,,,,,,,,1,1,1,0,,,
T2,CB,1220,-48,WC,,H,,0,0,0,0,,6,10,11,11,5,2,1,0,0,,
T2,E,1,4,RH,,,,0,0,0,0,,5,0,0,0,0,,,,,,
T2,E,17,-18,BH,,,,0,0,0,0,,0,0,0,0,0,,,,,,
T2,E,103,46,BC,,F,,14,27,23,3,,1,1,1,0,0,,,,,,
T2,E,120,-33,YS,DB,F,,B,B,B,B,,0,1,2,2,0,0,,,,,
T2,E,186,4,GD,ST,H,,B,2,5,5,,17,42,65,67,22,21,16,8,3,,0
T2,E,194,-30,OH,"2 small PCS, DB",H,,B,B,B,B,,0,B,1,2,5,3,0,1,0,,0
T2,E,195,-38,BH,!PHL,H,,B,B,3,4,,6,15,41,65,16,15,8,4,0,,0
T2,E,235,-35,RH,,H,,B,B,B,B,,0,B,6,6,1,1,0,0,,,
T2,E,258,-20,BH,DB,F,,B,B,1,9,,6,68,84,46,4,2,0,1,0,,0
T2,E,265,-10,GD,Dead,,,0,0,0,0,,0,-,0,0,0,,,,,,
T2,E,265,5,WH,"3 PCS, spans tape",H,,B,B,1,9,,14,16,29,21,10,10,5,3,1,,0
T2,E,280,-34,YD,,H,,B,1,11,12,,17,53,77,48,19,8,3,0,0,,
T2,E,288,34,OS,"small, !PHL",,,0,B,B,0,,0,0,0,0,0,,,,,,
T2,E,297,-32,RC,,,,0,0,0,0,,0,0,0,0,0,,,,,,
T2,E,305,40,BC,2 PCS,H,,B,1,4,7,,4,40,113,135,85,78,42,26,10,,0
T2,E,318,50,YH,,H,,2,18,14,6,,15,23,49,55,26,18,6,5,6,,0
T2,E,320,22,GS,,H,,B,B,2,2,,13,33,69,89,49,45,24,14,4,,0
T2,E,375,-38,BH,,H,,0,B,B,B,,1,3,4,2,1,2,1,0,0,,
T2,E,385,10,RD,"Huge, spans tape",H,,B,B,3,3,,16,41,91,83,52,41,15,12,7,,0
T2,E,388,38,WS,small,,,0,0,0,0,,0,0,0,0,0,,,,,,
T2,E,405,35,GD,,H,,B,1,2,2,,5,13,22,17,5,6,1,1,0,,0
T2,E,417,32,OD,,H,,B,B,1,6,,3,10,4,1,0,1,0,0,,,
T2,E,435,-11,YC,,F,,4,13,17,8,,12,9,7,1,0,0,,,,,
T2,E,442,-47,OD,"3 PCS, huge",H,,B,1,1,1,,0,0,1,3,0,1,0,0,0,,
T2,E,480,-42,GS,,,,0,0,0,0,,0,0,B,0,1,1,0,0,,,
T2,E,485,-10,BH,,,,0,0,0,0,,0,0,0,0,0,,,,,,
T2,E,498,41,OD,,H,,B,B,B,0,,0,1,5,5,3,2,1,0,0,,
T2,E,507,0,RD,in transect middle,H,,0,B,B,0,,0,1,1,2,5,4,1,0,0,,
T2,E,509,40,YS,,F,,0,0,0,0,,0,B,1,1,0,0,,,,,
T2,E,509,49,BD,,F?,,0,0,0,0,,0,B,1,1,2,0,1,0,0,,
T2,E,519,48,WH,2 pieces,H,,0,0,B,0,,0,B,1,B,1,1,0,0,0,,
T2,E,528,0,GC,in middle,,,B,B,B,0,,0,0,0,0,0,,,,,,
T2,E,537,16,RD,,,,0,0,0,0,,0,0,0,0,0,,,,,,
T2,E,540,-14,YH,,,,0,0,0,0,,0,0,0,0,0,,,,,,
T2,E,545,47,YC,,,,0,0,0,0,,0,0,0,0,0,,,,,,
T2,E,548,10,OD,dryas,,,0,0,0,0,,0,0,0,0,0,,,,,,
T2,E,565,-17,OS,,,,0,0,0,0,,0,0,0,0,0,,,,,,
T2,E,568,42,BH,,H,,0,0,0,0,,0,B,1,0,0,,,,,,
T2,E,578,-5,BH,,,,0,0,0,0,,0,0,0,0,0,,,,,,
T2,E,588,0,GD,in middle,,,0,0,0,0,,0,0,0,0,0,,,,,,
T2,E,592,26,WH,,,,0,0,0,0,,0,0,0,0,0,,,,,,
T2,E,597,14,RD,DB,H,,B,B,B,0,,0,5,6,4,3,0,0,0,,,
T2,E,610,-44,OD,,H,,B,1,B,1,,0,0,0,B,0,0,,,,,
T2,E,610,-1,RS,spans transect,H,,1,2,1,0,,0,1,1,3,1,1,0,0,,,
T2,E,620,29,OS,,,,0,0,0,0,,0,0,0,0,0,,,,,,
T2,E,625,30,GD,,,,0,0,0,0,,0,0,0,0,0,,,,,,
T2,E,632,7,YS,ST,H,,B,2,5,1,,5,16,9,3,1,0,0,0,,,
T2,E,632,41,BH,"incl front piece, !PLT DR",H,,B,1,2,0,,17,29,36,38,8,7,2,2,0,,
T2,E,642,32,WH,,F,,0,0,B,0,,0,1,5,4,1,6,4,6,0,,
T2,E,652,-3,YD,,H,,1,1,1,0,,0,0,0,B,B,B,0,0,,,
T2,E,654,2,RD,ST,,,0,0,0,0,,0,1,0,0,0,,,,,,
T2,E,671,17,OD,tiny,,,0,0,0,0,,0,0,0,0,0,,,,,,
T2,E,690,44,YS,,F,,1,4,4,3,,0,2,1,0,0,,,,,,
T2,E,700,13,BH,,H,,B,5,13,15,,28,46,49,20,4,1,0,0,,,
T2,E,719,-14,GH,,,,0,0,0,0,,0,0,0,0,0,,,,,,
T2,E,729,-42,BC,,F,,2,4,6,3,,11,20,17,6,0,0,,,,,
T2,E,773,-12,WC,!PHL,H,,B,B,B,B,,0,1,2,1,0,0,,,,,
T2,E,777,-44,OS,,,,0,0,0,0,,0,0,0,0,0,,,,,,
T2,E,781,-11,RC,,,,0,0,0,0,,0,0,0,0,0,,,,,,
T2,E,824,-3,YC,,,,B,B,B,1,,0,1,2,0,0,,,,,,
T2,E,828,-2,OH,TP top L,,,,,,,,,,0,3,0,0,0,0,,,
T2,E,832,-10,BC,,H,,0,0,0,0,,0,B,B,1,0,2,1,1,0,,0
T2,E,840,13,GS,,H,,B,B,2,7,,13,21,19,14,1,1,0,0,,,
T2,E,843,-29,GD,,H,,B,1,2,8,,29,81,156,107,18,12,5,2,0,,0
T2,E,847,34,WH,,F,,B,2,3,2,,0,1,1,1,0,0,,,,,
T2,E,866,-22,WC,,H,,B,B,B,1,,1,2,2,6,3,2,0,0,0,,
T2,E,869,-9,RD,!PHL,,,0,0,0,0,,0,0,0,0,0,,,,,,
T2,E,870,-36,OH,,,,0,0,B,1,,0,2,2,0,0,,,,,,
T2,E,879,-25,YD,,,,0,0,0,0,,0,0,0,0,0,,,,,,
T2,E,890,17,OH,!PHL,H,,B,B,2,5,,15,16,15,5,2,1,0,0,,,
T2,E,896,-14,BH,,,,0,0,0,0,,0,0,0,0,0,,,,,,
T2,E,900,-36,WH,,,,,,,,,,,,B,B,B,0,0,,,
T2,E,901,28,BC,!PHL,H,,B,2,2,5,,10,37,54,22,1,1,0,0,,,
T2,E,920,28,GD,"2 parts, huge, !phl",H,,B,B,3,7,,12,48,79,74,19,16,4,3,0,,0
T2,E,925,39,YS,tiny,,,0,0,0,0,,0,0,0,0,0,,,,,,
T2,E,957,36,RH,big,H,,B,3,15,13,,7,29,20,9,2,0,0,0,0,,
T2,E,962,-24,GS,,H,,B,4,5,4,,4,9,10,4,0,0,,,,,
T2,E,982,-30,WH,DB,H,,0,1,3,2,,4,13,12,19,5,3,0,0,0,,
T2,E,1014,35,WC,,H,,0,0,0,0,,0,0,B,1,1,2,2,3,1,,
T2,E,1020,-47,RD,not incl plt DR,H,,0,2,2,2,,19,4,2,28,10,10,2,2,0,,0
T2,E,1022,1,OD,,,,0,0,0,0,,0,0,0,0,0,,,,,,
T2,E,1027,39,BH,,F,,0,0,0,0,,0,0,B,2,8,6,1,2,5,,0
T2,E,1044,21,YD,,,,0,0,0,0,,0,0,0,0,0,,,,,,
T2,E,1048,6,GS,3 parts,,,0,0,0,0,,0,0,0,0,0,,,,,,
T2,E,1050,20,RC,,,,0,0,0,0,,0,0,0,0,0,,,,,,
T2,E,1053,49,OS,,,,0,0,0,0,,0,0,0,0,0,1,0,0,,,
T2,E,1056,30,WH,!PHL,H,,B,B,B,2,,2,3,5,9,3,1,0,0,0,,
T2,E,1062,14,GC,,,,0,0,0,0,,0,0,0,0,0,,,,,,
T2,E,1067,-37,BH,,H,,B,B,2,0,,0,0,1,0,0,,,,,,
T2,E,1067,-23,GC,!PHL,H,,0,0,B,B,,0,1,2,7,3,3,2,1,0,,0
T2,E,1067,50,BD,2 plts?,"F,H?",,B,B,B,0,,0,B,"2,1","4,2",B,1,0,0,0,,
T2,E,1072,11,YH,!PHL,"F,H?",,0,0,0,0,,0,0,1,1,0,,,,,,
T2,E,1078,-36,WC,,H,,B,B,1,1,,2,7,7,3,0,0,,,,,
T2,E,1079,20,RS,,"F,H?",,0,0,B,0,,0,1,0,0,0,,,,,,
T2,E,1081,31,OD,"TP top right, DB",,,0,0,0,0,,0,0,0,0,0,,,,,,
T2,E,1084,14,WC,,F,,0,0,0,0,,0,0,0,1,0,,,,,,
T2,E,1090,-15,OC,3 PCS,H,,B,B,1,1,,2,5,9,16,8,6,3,2,1,,0
T2,E,1093,43,GD,"DB to left, 2 plts?","H,F?",,8,13,8,0,,15,50,"9,39","13,20",7,8,6,"11,0","9,0",,4
T2,E,1096,30,BH,,H,,0,0,B,0,,0,B,3,4,1,0,0,0,0,,
T2,E,1102,-22,BH,"3 PCS, DB",H,,B,B,B,B,,0,2,7,18,16,9,5,3,0,,0
T2,E,1109,-1,GS,"ST, !PHL",H,,B,B,B,2,,0,11,16,25,7,4,2,0,0,,
T2,E,1109,38,RC,,H,,B,B,B,0,,2,3,3,3,2,1,0,0,0,,
T2,E,1115,-9,WC,,,,0,0,0,0,,0,0,0,0,0,,,,,,
T2,E,1124,45,YS,,H,,0,1,1,0,,0,0,0,0,0,,,,,,
T2,E,1133,-2,RH,"ST, !PHL",H,,B,B,B,B,,0,B,2,13,21,14,10,3,2,,0
T2,E,1140,-30,GH,!PHL,H,,B,5,8,6,,24,57,87,63,20,16,8,3,1,,0
T2,E,1141,43,WH,,H,,B,4,2,0,,4,18,18,19,7,6,4,2,0,,
T2,E,1161,25,OC,,H,,B,1,1,2,,0,3,3,0,0,0,,,,,
T2,E,1164,35,BH,,,,0,0,0,0,,0,0,0,0,0,,,,,,
T2,E,1172,24,GD,,H,,B,B,B,0,,2,4,11,8,1,0,0,0,0,,
T2,E,1172,38,YS,,H,,B,B,B,0,,0,2,0,3,4,2,0,0,,,
T2,E,1173,-13,OH,TP to R of plt,,,0,0,0,0,,0,0,0,0,0,,,,,,
T2,E,1191,1,RC,TP top right,H,,B,B,B,0,,0,4,1,1,0,0,,,,,
T2,E,1217,-24,BD,,F,,0,0,1,0,,0,2,5,0,0,0,,,,,
T2,E,1226,46,WC,!PHL,H,,0,B,B,0,,1,7,7,8,5,1,1,0,0,,
T2,E,1255,-17,RH,DB,,,0,0,1,1,,0,1,2,0,0,,,,,,
T2,E,1260,-35,YH,,H,,0,0,2,1,,6,12,13,16,2,1,1,1,1,,0
T3,CA,411,-10,RH,,F,,0,2,6,0,,12,24,18,5,0,0,,,,,
T3,CA,458,-30,YD,,H,,0,B,B,0,,0,3,6,4,1,0,0,0,0,,
T3,CA,468,-22,OH,,H,,0,1,5,3,,4,16,27,28,2,2,3,0,0,,
T3,CA,484,-14,GS,,H,,0,3,7,4,,12,39,35,29,5,5,2,1,0,,0
T3,CA,564,-30,BC,TP top left,F,,0,B,B,0,,0,1,2,3,0,0,,,,,
T3,CA,676,3,BH,ST,,,0,B,0,0,,0,0,0,0,0,,,,,,
T3,CA,685,-8,WH,,,,0,0,0,0,,0,0,0,0,0,,,,,,
T3,CA,685,3,OD,ST,,,0,0,0,0,,0,0,0,0,0,,,,,,
T3,CA,688,10,RC,ST,H,,0,B,0,1,,1,0,1,0,0,,,,,,
T3,CA,722,23,RS,,H,,0,B,0,B,,B,1,2,1,0,0,,,,,
T3,CA,729,25,BC,,H,,0,0,0,0,,0,2,2,0,0,,,,,,
T3,CA,730,15,GD,,H,,0,B,0,1,,1,0,4,6,0,0,,,,,
T3,CA,734,23,WC,"DB, small",,,0,0,0,0,,0,0,0,0,0,,,,,,
T3,CA,800,23,BH,,F,,0,0,0,3,,1,2,9,8,2,0,0,0,0,,
T3,CA,805,40,RC,Huge,H,,0,0,0,11,,23,35,45,27,7,4,2,0,0,,
T3,CA,815,2,WC,"ST, DB21",,,0,0,0,0,,0,0,0,0,0,,,,,,
T3,CA,816,-31,RC,,H,,0,B,2,0,,1,1,0,B,0,0,,,,,
T3,CA,828,-30,OS,,,,0,B,B,0,,0,0,0,B,0,0,,,,,
T3,CA,845,-40,YS,,,,0,0,0,0,,0,0,0,0,0,,,,,,
T3,CA,872,-50,GH,TP left,,,0,0,0,0,,0,0,0,0,0,,,,,,
T3,CA,873,30,OD,,H,,0,0,0,1,,1,4,6,2,0,0,,,,,
T3,CA,877,12,GD,ST ,,,0,0,0,0,,0,0,0,0,0,,,,,,
T3,CA,880,47,RS,Huge,H,,0,0,0,1,,4,15,18,8,1,1,0,0,0,,
T3,CA,884,-1,BH,ST,F?,,0,B,B,0,,0,1,1,1,0,0,,,,,
T3,CA,894,0,WC,"ST, TP top left",,,0,0,0,B,,B,0,0,0,0,,,,,,
T3,CA,902,-23,RD,"DB, 4 PCS, big",F,,0,B,5,0,,2,5,12,12,0,1,"1,3",0,0,,
T3,CA,920,10,WC,,,,0,0,0,0,,0,0,0,0,0,,,,,,
T3,CA,922,-11,OS,,,,0,0,0,0,,0,0,0,0,0,,,,,,
T3,CA,935,1,OH,small,,,0,0,0,0,,0,0,0,0,0,,,,,,
T3,CA,936,-49,YD,,,,0,0,0,0,,0,0,0,0,0,,,,,,
T3,CA,943,6,BH,small,,,0,0,0,0,,0,0,0,0,0,,,,,,
T3,CA,944,36,GC,small,,,0,0,0,0,,0,0,0,0,0,,,,,,
T3,CA,952,44,RH,!PHL,F,,0,0,0,1,,0,0,2,3,0,0,,,,,
T3,CA,960,53,WC,small,,,0,0,0,0,,0,0,0,0,0,,,,,,
T3,CA,965,48,OS,large,H,,0,0,0,10,,14,48,68,62,7,2,2,1,1,,0
T3,CA,968,42,BH,small,,,0,0,0,0,,0,0,0,0,0,,,,,,
T3,CA,970,15,YS,,F,,0,0,0,0,,0,0,0,B,0,0,,,,,
T3,CA,978,1,WH,,,,0,0,0,0,,0,0,0,0,0,,,,,,
T3,CA,986,-11,BC,,,,0,0,0,0,,0,0,0,0,0,,,,,,
T3,CA,990,-13,GD,small,,,0,0,0,0,,0,0,0,0,0,,,,,,
T3,CA,1005,-33,GS,,,,0,0,0,0,,0,0,0,0,0,,,,,,
T3,CA,1015,34,GH,,,,0,0,0,0,,0,0,0,0,0,,,,,,
T3,CA,1060,55,YD,"Huge, out?",H,,0,0,0,4,,8,22,28,33,19,15,13,5,1,,0
T3,CA,1085,22,OD,,,,0,0,0,B,,B,0,0,0,0,,,,,,
T3,CA,1100,30,RC,,,,0,0,0,0,,B,0,0,0,0,,,,,,
T3,CA,1100,48,BH,,,,0,0,0,1,,0,2,2,B,0,0,,,,,
T3,CA,1108,24,YS,,H,,0,0,0,B,,1,0,0,0,0,,,,,,
T3,CA,1116,-53,RD,2 PCS,H,,0,1,2,4,,21,31,65,78,12,7,6,2,0,,0
T3,CA,1120,5,WH,"Huge, ST, DB21",H,,0,0,0,1,,2,5,6,4,1,0,,,,,
T3,CA,1130,31,GD,,H,,0,0,0,0,,0,0,0,B,0,,,,,,
T3,CA,1137,50,WC,,F,,0,0,0,0,,0,0,0,B,0,0,,,,,
T3,CA,1142,3,BH,small,,,0,0,0,0,,0,0,0,0,0,,,,,,
T3,CA,1142,35,RC,tiny,,,0,0,0,0,,0,0,0,0,0,,,,,,
T3,CA,1145,24,WC,,,,0,0,0,B,,B,0,0,B,B,B,B,B,B,,0
T3,CA,1145,36,OH,small,,,0,0,0,0,,0,0,0,0,0,,,,,,
T3,CA,1147,32,BC,,F,,0,0,0,0,,0,1,0,0,0,,,,,,
T3,CA,1150,-2,RH,"small, ST",,,0,0,0,0,,0,0,0,0,0,,,,,,
T3,CA,1158,10,YD,,,,0,0,0,0,,0,0,0,0,0,,,,,,
T3,CA,1160,35,YH,"small, !phlox R",,,0,0,0,0,,0,0,0,0,0,,,,,,
T3,CA,1164,16,OH,small,,,0,0,0,0,,0,0,0,0,0,,,,,,
T3,CA,1168,-33,YS,part of OD?,,,0,0,0,0,,0,0,0,0,0,,,,,,
T3,CA,1170,-30,OD,,,,0,B,B,0,,B,0,0,0,0,,,,,,
T3,CA,1171,-38,WH,,,,0,0,0,0,,0,0,0,0,0,,,,,,
T3,CA,1173,-47,OC,part of BS?,,,0,0,0,0,,0,0,0,0,0,,,,,,
T3,CA,1175,50,OH,small,,,0,0,0,0,,0,0,0,0,0,,,,,,
T3,CA,1177,-44,BS,,H,,0,B,B,0,,0,0,1,0,0,,,,,,
T3,CA,1177,-29,BH,,,,0,0,0,0,,0,0,0,0,0,,,,,,
T3,CA,1180,1,GD,,,,0,0,0,0,,0,0,0,0,0,,,,,,
T3,CA,1182,-42,RD,,H ,,0,2,1,1,,2,2,2,3,0,0,,,,,
T3,CA,1182,-35,GD,2 PCS,H?,,0,1,1,1,,0,0,0,0,0,,,,,,
T3,CA,1192,13,RH,small,,,0,0,0,0,,0,0,0,0,0,,,,,,
T3,CA,1203,31,YS,DB21,,,0,0,0,0,,0,0,0,0,0,,,,,,
T3,CA,1205,-44,OD,,,,0,0,0,0,,0,0,0,0,0,,,,,,
T3,CA,1207,-3,RD,,,,0,0,0,0,,0,0,0,0,0,,,,,,
T3,CA,1207,49,BH,small,,,0,0,0,0,,0,0,0,0,0,,,,,,
T3,CA,1208,55,OC,"oblong, incl plt L",,,0,0,0,0,,0,0,0,0,0,,,,,,
T3,CA,1210,52,GH,small,,,0,0,0,0,,0,0,0,0,0,,,,,,
T3,CA,1228,20,GD,small,,,0,0,0,0,,0,0,0,0,0,,,,,,
T3,CA,1238,0,GD,ST,,,0,0,0,0,,0,0,0,0,0,,,,,,
T3,CA,1240,-49,BS,,,,0,0,0,0,,0,0,0,0,0,,,,,,
T3,CA,1243,54,WH,,,,0,0,0,0,,0,0,0,0,0,,,,,,
T3,CA,1245,-22,WH,,,,0,0,0,0,,0,0,0,0,0,,,,,,
T3,CA,1248,-1,BH,ST,,,0,0,0,0,,0,0,0,0,0,,,,,,
T3,CA,1251,-39,RH,,,,0,0,0,0,,0,0,0,0,0,,,,,,
T3,CA,1255,35,RC,small,,,0,0,0,0,,0,0,0,0,0,,,,,,
T3,CA,1256,-28,OS,,,,0,0,0,B,,B,0,0,B,0,0,,,,,
T3,CA,1259,0,YH,ST,,,0,0,0,0,,0,0,0,0,0,,,,,,
T3,CA,1259,37,RC,,,,,,,0,,0,,,,,,0,,,,
T3,CA,1264,27,BH,,,,0,0,0,0,,0,0,0,0,0,,,,,,
T3,CA,1267,-11,BC,,,,0,0,0,0,,0,0,0,0,0,,,,,,
T3,CA,1279,43,OS,,F?,,0,0,0,0,,0,3,3,0,0,,,,,,
T3,CA,1283,30,YD,TP to right,,,0,0,0,0,,0,0,0,0,0,,,,,,
T3,CA,1285,50,RD,DB,F?,,0,0,0,1,,3,0,0,B,0,0,,,,,
T3,CA,1286,-32,GS,,,,0,0,0,0,,0,0,0,0,0,,,,,,
T3,CA,1290,55,WH,,,,0,0,0,0,,0,0,0,0,0,,,,,,
T3,CA,1295,-30,WH,DB,,,0,0,0,0,,0,0,0,0,0,,,,,,
T3,CA,1300,-20,GD,"small, !phlox R",,,0,0,0,0,,0,0,0,0,0,,,,,,
T3,CA,1305,27,GD,TP to right,,,0,0,0,0,,B,0,0,0,0,,,,,,
T3,CA,1312,44,BC,,,,0,0,0,B,,B,0,0,0,0,,,,,,
T3,CA,1317,-27,RD,DB in center,F,,0,1,1,1,,1,1,0,B,0,0,,,,,
T3,CA,1338,32,BH,,,,,,,0,,0,,,,,,0,,,,
T3,CA,1341,4,YC,"TP to right, DB",,,0,0,0,0,,0,0,0,0,0,,,,,,
T3,CA,1342,-10,OC,DB,,,0,0,0,0,,0,0,0,0,0,,,,,,
T3,CA,1348,-15,YD,DB,,,0,0,0,0,,0,0,0,0,0,,,,,,
T3,CA,1365,-36,BD,,,,0,B,B,B,,B,0,0,0,0,,,,,,
T3,CA,1370,0,OS,ST,,,0,0,0,0,,0,0,0,0,0,,,,,,
T3,CA,1384,39,RH,,,,0,0,0,0,,0,0,0,0,0,,,,,,
T3,CA,1385,-53,GH,,H,,0,B,B,B,,B,2,8,10,0,0,,,,,
T3,CA,1400,12,WC,out?,F,,0,4,0,1,,3,11,7,6,0,0,,,,,
T3,CB,0,20,OD,,F,,0,0,0,6,,11,12,8,3,0,0,,,,,
T3,CB,10,26,GH,small,H?,,0,0,0,1,,2,6,8,1,0,0,,,,,
T3,CB,25,11,BH,"Huge, 3 PCS",F,,0,0,0,43,,49,79,94,118,43,32,26,4,1,,0
T3,CB,30,35,GC,"growing into WC above (x = 35, y =24)",H?,,0,0,0,B,,2,9,18,22,6,2,0,0,0,,
T3,CB,35,24,WC,,F,,0,0,0,6,,12,33,55,82,13,7,2,0,0,,
T3,CB,156,-5,RC,"Huge, ST, WTPS SEP 2 PLTS, LEFT = H RIGHT = F","F,H",,0,0,0,"30,16",,"73,19",191,216,"32,94","0,1","0,0",,,,,
T3,CB,173,10,OS,"big, 2 PCS, ST, check if 2 plts",H,,0,0,0,20,,22,51,47,25,1,0,0,0,0,,
T3,CB,520,-40,OD,,H?,,0,0,0,3,,6,34,77,89,17,8,3,0,0,,
T3,CB,655,-22,GD,tiny,,,0,0,0,0,,0,0,0,0,0,,,,,,
T3,CB,666,-23,YS,DB,,,0,0,0,0,,0,0,0,B,2,3,5,1,0,,0
T3,CB,853,6,RS,really brown,F,,0,0,0,0,,0,0,0,1,1,1,0,1,1,,0
T3,CB,856,-5,WH,,,,0,0,0,0,,0,0,0,0,0,,,,,,
T3,CB,857,-49,BH,"Big, out?",F,,0,0,0,2,,3,16,28,19,0,0,,,,,
T3,CB,859,8,OS,DB,F,,0,0,0,B,,B,0,2,5,1,0,1,0,0,,0
T3,CB,865,0,BC,"ST, 1 large 1 small piece",,,0,0,0,B,,B,0,0,4,2,3,2,0,0,,
T3,CB,866,12,YS,DB,F?,,0,0,0,B,,B,1,5,6,1,1,0,0,0,,
T3,CB,873,-10,GH,by positive BC's,,,0,0,0,B,,B,0,0,1,0,0,,,,,
T3,CB,882,0,WH,ST,H,,0,0,0,5,,5,16,13,5,3,1,1,0,0,,
T3,CB,908,50,OD,1 plant? (w/ RH),H ,,0,0,0,5,,7,12,8,4,0,0,,,,,
T3,CB,914,-42,RC,4 PCS,H,,0,0,0,0,,B,3,3,9,3,1,0,0,0,,
T3,CB,915,53,RH,one plant? (w/ OD),H,,0,0,0,10,,6,5,4,0,0,0,,,,,
T3,CB,928,-54,BH,!PHL,H,,0,0,0,0,,0,0,0,0,0,,,,,,
T3,CB,932,-14,OS,baby tiny,,,0,0,0,0,,0,0,0,0,0,,,,,,
T3,CB,937,-46,WH,,,,0,0,0,0,,0,0,0,0,0,,,,,,
T3,CB,950,-17,YD,TP top right,,,0,0,0,B,,B,0,0,0,0,,,,,,
T3,CB,1000,-55,GS,"DB, edge, out?",,,0,0,0,B,,B,0,0,B,B,B,0,B,B,,0
T3,CB,1019,34,RS,sandwort,F,,0,0,0,6,,12,31,29,23,7,1,0,0,0,,
T3,CB,1048,25,OD,!PHL,H,,0,0,0,B,,B,1,1,0,0,0,,,,,
T3,CB,1057,-33,GD,,,,0,0,0,0,,0,0,0,0,0,,,,,,
T3,CB,1076,-54,WC,"edge, out?",H?,,0,0,0,B,,2,9,14,5,1,1,0,0,0,,
T3,CB,1084,20,BH,DB21,H,,0,0,0,B,,B,2,8,4,0,0,,,,,
T3,CB,1112,-41,RS,TP to right,,,0,0,0,B,,B,0,0,B,B,0,0,0,0,,
T3,CB,1150,-13,OC,,F,,0,0,0,1,,1,0,0,B,B,B,3,0,0,,
T3,CB,1155,48,YS,,F,,0,0,0,0,,B,4,3,2,0,0,,,,,
T3,CB,1180,55,GD,TP to right,F,,0,0,0,B,,1,1,9,11,1,0,0,0,0,,
T3,CB,1201,53,BC,"TP to right, DB21",,,0,0,0,0,,0,0,0,0,0,,,,,,
T3,CB,1222,36,WH,,,,0,0,0,0,,0,0,0,0,0,,,,,,
T3,CB,1245,14,BH,,H,,0,0,0,1,,7,12,14,8,2,0,0,0,0,,
T3,CB,1267,-10,RC,same plt as BH x - 1270?,F,,0,0,0,8,,14,4,6,35,16,18,21,13,9,,0
T3,CB,1270,-22,BH,same plt as RC x = 1267?,H?,,0,0,0,2,,7,36,55,13,1,0,0,0,0,,0
T3,CB,1270,17,RH,,,,0,0,0,0,,0,0,0,0,0,,,,,,
T3,CB,1315,25,YS,,F,,0,0,0,0,,0,0,0,0,0,,,,,,
T3,CB,1318,55,BH,,F,,0,0,0,1,,5,11,10,3,1,0,0,0,0,,
T3,CB,1398,30,GD,,,,0,0,0,B,,B,0,0,3,1,0,0,0,0,,
T3,E,0,-30,WH,,,,0,0,0,0,,0,0,0,0,0,,,,,,
T3,E,210,41,RS,DB,,,0,0,0,0,,0,0,0,0,0,,,,,,
T3,E,225,34,OD,,,,0,0,0,0,,0,0,0,0,0,,,,,,
T3,E,229,41,YS,"small, !PHL",,,0,0,0,0,,0,0,0,0,0,,,,,,
T3,E,244,38,BH,,H,,0,0,0,0,,0,2,5,12,10,7,5,1,0,,0
T3,E,249,33,GH,,,,0,0,0,0,,0,0,0,0,0,,,,,,
T3,E,252,35,WC,DB,F?,,0,0,B,0,,0,1,1,0,0,,,,,,
T3,E,288,44,RS,,F,,0,2,6,2,,10,27,28,13,3,0,0,0,,,
T3,E,345,-25,GC,small,,,0,0,0,0,,0,0,0,0,0,,,,,,
T3,E,360,-16,OD,small,,,0,0,0,0,,0,0,0,0,0,,,,,,
T3,E,363,-30,BC,"3 PCS, DB",F,,0,10,16,3,,2,8,8,4,0,0,,,,,
T3,E,370,-50,GD,"Big, 2 PCS, 2plts? !WC L","H,F",,0,6,26,17,,44,"28,156","31,120","24,37","13,3",3,3,0,0,,
T3,E,371,-40,YH,,H?,,0,B,1,2,,5,6,5,4,0,0,,,,,
T3,E,373,-27,RH,small,F,,0,1,2,0,,0,0,0,0,0,,,,,,
T3,E,377,-17,WC,small,,,0,0,0,0,,0,0,0,0,0,,,,,,
T3,E,383,-3,BC,,H,,0,0,0,19,,45,4,2,0,0,0,,,,,
T3,E,385,-48,RS,,H,,0,B,B,0,,31,12,16,10,1,1,1,1,0,,0
T3,E,385,-43,WC,small,H,,0,B,B,2,,0,5,7,4,0,0,,,,,
T3,E,385,32,BH,,,,0,0,0,0,,0,0,0,0,0,,,,,,
T3,E,390,-15,YC,"huge, 2 plts? > it looks H (1 plt)","H,F",,0,1,35,12,,3,"137,60","179,21","144,5","53,0","18,0","16,0",0,0,,
T3,E,392,16,YD,,,,0,0,0,0,,0,0,0,0,0,,,,,,
T3,E,393,-36,OS,,H,,0,B,B,0,,5,B,B,0,0,0,,,,,
T3,E,393,45,GS,,H?,,0,0,0,0,,0,1,3,2,0,0,,,,,
T3,E,399,8,OD,ST,H,,0,0,B,0,,3,44,75,92,38,22,21,5,5,,0
T3,E,399,21,RH,big,H,,0,13,25,18,,56,128,82,54,13,0,1,0,0,,
T3,E,408,37,WC,,F,,0,0,0,2,,0,0,0,0,0,,,,,,
T3,E,411,15,RS,,H,,0,0,1,0,,0,20,35,40,7,3,0,0,0,,
T3,E,412,-18,GC,,H?,,0,B,B,0,,2,4,5,3,1,0,0,0,,,
T3,E,413,-8,WC,,H,,0,5,13,7,,20,53,46,28,6,1,0,0,0,,
T3,E,416,-14,BH,,,,0,0,0,0,,0,0,0,0,0,,,,,,
T3,E,420,-4,RH,,H,,0,0,0,0,,0,B,6,12,9,5,5,0,0,,
T3,E,442,37,OS,!PHL,H,,0,4,7,11,,17,54,52,32,5,1,0,0,,,
T3,E,470,-12,OD,,F,,0,B,1,2,,7,38,88,66,6,0,0,0,,,
T3,E,485,-32,YD,,,,0,0,0,0,,0,0,0,0,0,,,,,,
T3,E,525,-40,BH,,H,,0,B,B,0,,0,9,14,11,6,1,1,0,0,,
T3,E,572,43,RD,!PHL,H?,,0,B,B,0,,3,9,18,11,3,0,0,0,,,
T3,E,586,22,OD,,H,,0,3,11,10,,21,61,51,27,6,3,2,0,0,,
T3,E,590,-48,WH,,F,,0,B,2,3,,12,73,104,63,24,5,3,0,0,,
T3,E,596,0,BH,ST,F,,0,0,0,0,,0,3,7,10,13,2,2,1,0,,0
T3,E,597,18,YS,,F,,0,3,8,6,,10,9,2,0,0,1,0,0,0,,
T3,E,604,-10,RD,small,,,0,0,0,0,,0,0,0,0,0,,,,,,
T3,E,615,-46,YH,,F,,0,B,B,2,,1,8,4,3,0,0,,,,,
T3,E,625,-33,OH,center DB,F,,0,1,1,0,,30,7,6,3,0,0,,,,,
T3,E,630,-38,GC,,H,,0,6,18,0,,1,69,54,26,5,4,1,0,0,,
T3,E,636,-37,BH,small,,,0,0,0,0,,0,B,B,1,0,0,,,,,
T3,E,642,0,GC,ST,H,,0,B,B,0,,3,43,112,91,50,20,15,2,0,,0
T3,E,643,50,WH,!plt below?,H,,0,B,B,0,,0,26,74,113,87,70,64,26,14,,0
T3,E,645,-45,RS,not incl plt down (&L?),H,,0,B,B,3,,15,44,45,21,3,2,1,0,0,,
T3,E,646,-18,YS,2 plts?,"F?,H",,0,1,6,6,,16,36,45,"12,19","2,3","2,3","2,1",0,0,,
T3,E,665,-6,OS,,,,0,0,0,0,,0,0,0,0,0,,,,,,
T3,E,666,37,YH,,F,,0,B,0,0,,0,1,3,4,3,3,1,0,0,,
T3,E,667,-32,RC,,F,,0,B,B,0,,2,9,10,6,3,1,1,0,0,,
T3,E,670,26,OD,"DB, bow shaped, put center as left side of bow (right is DB)",F,,0,B,3,,,4,63,49,18,7,3,3,0,0,,
T3,E,673,41,BC,,H,,0,0,B,0,,1,5,5,4,4,4,4,1,1,,0
T3,E,675,-37,WH,,,,0,0,0,0,,0,0,0,0,0,,,,,,
T3,E,680,24,RD,,,,0,0,0,0,,0,0,0,0,0,0,,,,,
T3,E,700,23,RH,,F?,,0,0,1,0,,0,0,1,0,0,0,,,,,
T3,E,709,36,YD,,H,,0,0,0,0,,0,B,B,B,B,B,1,1,0,,0
T3,E,712,30,OS,,F?,,0,0,0,0,,0,1,0,0,0,,,,,,
T3,E,740,-39,BH,,H,,0,0,B,0,,0,2,7,7,9,6,2,0,0,,
T3,E,742,-47,RH,small,,,0,0,0,0,,0,0,0,0,0,,,,,,
T3,E,742,-32,OD,,H,,0,0,0,0,,0,B,B,8,14,14,7,1,0,,0
T3,E,745,27,WC,,,,0,0,0,0,,0,0,0,0,0,,,,,,
T3,E,747,19,BH,"DB, tiny!!!",,,0,0,0,0,,0,0,0,0,0,,,,,,
T3,E,753,6,GC,,F,,0,2,5,0,,3,10,7,3,2,0,1,0,0,,
T3,E,765,21,RD,2 PCS,F,,0,0,B,0,,0,B,4,4,2,1,1,0,0,,
T3,E,799,39,OC,DB,H?,,0,B,1,2,,3,8,15,10,2,0,0,0,,,
T3,E,809,26,GD,"Big, 4 PCS",F,,0,11,13,10,,16,37,29,16,3,1,1,1,0,,0
T3,E,814,11,YS,,F,,0,6,17,0,,15,49,27,10,0,0,,,,,
T3,E,819,-5,OC,small,,,0,0,0,0,,0,0,0,0,0,,,,,,
T3,E,819,50,BH,,F,,0,B,2,1,,2,7,5,1,0,0,,,,,
T3,E,824,43,WC,2 small PCS,F,,0,B,B,0,,0,4,6,3,0,0,,,,,
T3,E,826,-3,BC,,F,,0,B,B,0,,6,25,31,25,10,5,1,1,0,,0
T3,E,829,-12,GD,,,,0,0,0,0,,0,0,0,0,0,,,,,,
T3,E,833,-27,BH,small,,,0,0,0,0,,0,0,0,0,0,,,,,,
T3,E,835,30,OH,DB,,,0,B,1,0,,0,0,B,B ,B,0,0,0,,,
T3,E,836,3,RC,"DB, ST",F?,,0,0,0,0,,0,B,B,1,1,0,0,0,,,
T3,E,866,-38,RC,small,,,0,0,0,0,,0,0,0,0,0,,,,,,
T3,E,872,1,YH,"ST, DB, 2 PCS",H?,,0,B,B,2,,1,7,7,3,0,0,,,,,
T3,E,872,30,GS,,,,0,0,0,0,,0,0,0,0,0,,,,,,
T3,E,878,22,BC,,,,0,0,0,0,,0,0,0,0,0,,,,,,
T3,E,879,-26,OC,,,,0,0,0,0,,0,0,B,1,0,0,,,,,
T3,E,886,-37,WC,,H?,,0,B,B,0,,3,8,18,30,19,11,13,6,4,,0
T3,E,895,-30,GS,,H?,,0,B,B,0,,5,9,6,2,1,1,1,0,0,,
T3,E,905,-24,RH,small,F,,0,0,0,0,,0,B,1,1,0,0,,,,,
T3,E,917,-42,BH,,,,0,0,0,0,,0,B,B,B,B,B,B,B,B,,0
T3,E,918,-7,YS,small,,,0,0,0,0,,0,0,0,0,0,,,,,,
T3,E,941,23,RC,DB,F?,,0,0,0,0,,0,B,1,1,0,0,,,,,
T3,E,956,25,OD,"DB, 4 PCS",H,,0,B,B,0,,0,6,13,11,5,2,2,0,0,,
T3,E,964,7,GS,"2 PCS, ST",H,,0,0,0,0,,0,B,3,3,2,2,1,1,0,,
T3,E,968,45,BH,tiny,,,0,0,0,0,,0,0,0,0,0,,,,,,
T3,E,971,18,YC,DB,H,,0,0,0,0,,0,B,B,B,B,B,B,B,1,,0
T3,E,976,47,WH,,F,,0,B,B,0,,0,2,1,2,0,0,,,,,
T3,E,996,5,WC,"tiny, DB",,,0,0,0,0,,0,0,0,0,0,,,,,,
T3,E,1007,23,RH,,H?,,0,0,B,0,,0,2,3,1,0,0,,,,,
T3,E,1030,0,OD,ST,,,0,0,0,0,,0,0,0,0,0,,,,,,
T3,E,1033,37,GH,,,,0,0,0,0,,0,0,0,0,0,,,,,,
T3,E,1035,30,YD,DB,,,0,0,0,0,,0,0,0,0,0,,,,,,
T3,E,1042,19,BH,"3 PCS, DB",F,,0,0,1,2,,1,5,13,9,5,0,0,0,0,,
T3,E,1046,37,RC,,H?,,0,0,B,0,,1,5,6,4,1,0,0,0,0,,
T3,E,1047,29,WH,"2 PCS, DB",F,,0,0,0,0,,0,1,1,2,0,0,,,,,
T3,E,1050,9,OD,,H,,0,0,0,0,,0,B,B,2,3,2,1,0,0,,
T3,E,1061,48,RS,,H?,,0,0,0,0,,0,1,1,1,0,1,1,0,0,,
T3,E,1074,18,OH,tiny,H,,0,0,B,0,,0,B,2,3,3,2,2,1,0,,0
T3,E,1076,32,GD,,,,0,0,0,0,,0,0,0,0,0,,,,,,
T3,E,1077,22,YH,2 PCS,F?,,0,0,0,0,,0,B,2,2,0,0,,,,,
T3,E,1080,5,BH,"DB, ST",F,,0,0,B,0,,0,B,1,1,2,2,2,2,0,,0
T3,E,1083,31,WH,,H,,0,0,B,0,,0,B,1,1,2,2,0,0,0,,
T3,E,1090,3,RD,DB,H,,0,0,0,0,,0,B,B,B,B,1,1,0,0,,
T3,E,1122,0,OD,in middle of tape,,,0,0,0,0,,0,0,0,0,0,,,,,,
T3,E,1247,2,GS,,F,,0,0,0,0,,0,2,2,0,0,,,,,,
T4,CA,117,16,RD,,H,,0,0,0,0,,0,0,B,3,3,0,,1,0,0,
T4,CA,198,36,OH,,H,,0,0,0,0,,0,0,0,0,B,1,1,2,1,1,
T4,CA,220,26,RH,,H,,0,0,0,B,,B,0,2,4,0,0,,,,,
T4,CA,248,40,YD,,H?,,0,0,0,2,,2,7,6,4,1,1,0,0,0,,
T4,CA,267,28,BH,,,,0,0,0,0,,0,0,0,0,0,,,,,,
T4,CA,320,-41,RD,mostly dead,,,0,0,0,0,,0,0,0,0,0,,,,,,
T4,CA,362,46,WC,DB,F,,0,0,0,B,,B,6,14,13,3,2,1,3,2,2,
T4,CA,367,37,RH,DB,H?,,0,0,0,B,,B,0,2,1,0,0,,,,,
T4,CA,368,35,GS,DB,,,0,0,0,0,,0,0,0,0,0,,,,,,
T4,CA,415,20,OS,"TP to right, DB, under willow",,,0,0,0,B,,B,0,B,B,B,,,0,0,,
T4,CA,430,24,YD,"DB, under willow",,,0,0,0,0,,0,0,0,0,0,,,,,,
T4,CA,465,16,YH,"tiny, under willow, TP top right",,,0,0,0,0,,0,0,0,0,0,,,,,,
T4,CA,485,22,OD,"big, TP under willow",H,,0,0,0,0,,B,0,1,4,14,9,11,11,6,5,
T4,CA,503,28,RC,"DB, pipe",,,0,0,0,0,,0,0,0,0,0,,,,,,
T4,CA,536,33,WC,"DB, grass in mid",,,0,0,0,0,,0,0,0,0,0,,,,,,
T4,CA,620,-46,OC,,,,0,0,0,0,,0,0,0,0,0,,,,,,
T4,CA,639,-9,YH,"DB, 2 PCS, !PHL",H,,0,0,0,B,,B,0,1,0,0,,,,,,
T4,CA,655,-15,BH,DB ,H,,0,0,0,0,,0,0,1,0,0,,,,,,
T4,CA,658,-50,GS,,,,0,0,0,0,,0,0,0,0,0,,,,,,
T4,CA,687,-24,GD,,H,,0,0,0,1,,1,0,0,0,0,,,,,,
T4,CA,794,50,BH,TP top left,F,,0,0,0,1,,0,0,0,0,0,,,,,,
T4,CA,856,23,YC,3 PCS,H,,0,0,0,B,,B,1,1,1,0,0,,,,,
T4,CA,864,18,RH,,F,,0,0,0,8,,11,26,21,5,0,0,,,,,
T4,CA,864,33,OD,tiny,,,0,0,0,0,,0,0,0,0,0,,,,,,
T4,CA,865,39,GS,surrounds a grass,,,0,0,0,0,,0,0,0,0,0,,,,,,
T4,CA,904,49,WC,,H,,0,0,0,B,,1,4,5,3,0,0,,,,,
T4,CA,935,1,GD,ST,,,0,0,0,0,,0,0,0,0,0,,,,,,
T4,CA,947,0,BH,"ST, mostly dead",,,0,0,0,0,,0,0,0,0,0,,,,,,
T4,CA,960,10,OS,,,,0,0,0,0,,0,0,0,0,0,,,,,,
T4,CA,979,13,YS,TP top right,,,0,0,0,0,,0,0,0,0,0,,,,,,
T4,CA,990,0,WH,"ST, TP in front",H,,0,0,0,2,,3,5,9,9,2,2,2,1,0,0,
T4,CA,1175,16,RH,,H,,0,0,0,0,,0,0,0,0,0,,,,,,
T4,CA,1208,-42,RS,,,,0,0,0,0,,0,0,0,0,0,,,,,,
T4,CA,1248,-14,OH,TP to the left,H,,0,0,0,0,,0,0,0,1,0,0,,,,,
T4,CB,3,30,BH,,H,,0,B,B,B,,B,3,13,29,31,31,28,15,7,1,
T4,CB,95,-50,BC,,F,,0,B,B,1,,3,6,11,17,8,4,2,0,0,,
T4,CB,162,48,YS,,H,,0,1,2,2,,3,14,32,18,7,4,1,0,0,,
T4,CB,176,5,GD,,H,,0,3,5,3,,3,10,13,2,0,0,,,,,
T4,CB,195,-12,RH,,H,,0,1,1,2,,3,7,37,59,16,14,7,3,0,0,
T4,CB,237,-22,WH,,,,0,0,0,B,,B,0,B,2,7,11,11,12,8,3,
T4,CB,334,-50,RC,,,,0,0,0,0,,0,0,0,0,0,,,,,,
T4,CB,341,15,YD,,H,,0,B,B,B,,B,3,7,5,0,0,,,,,
T4,CB,360,-20,GC,,,,0,0,0,0,,0,0,0,0,0,,,,,,
T4,CB,364,14,WH,DB,H,,0,0,B,1,,1,2,4,3,2,1,3,0,1,1,
T4,CB,368,18,RD,,H,,0,0,0,B,,B,1,4,4,1,1,1,1,0,0,
T4,CB,423,-13,RH,3 PCS,H?,,0,1,4,3,,3,4,11,15,7,4,3,2,1,0,
T4,CB,442,-28,WC,plt R of TP,,,0,0,0,0,,0,0,0,0,0,,,,,,
T4,CB,454,38,OS,,H,,0,3,4,2,,5,10,21,39,30,27,16,5,1,0,
T4,CB,455,17,YS,,H,,0,B,B,1,,10,33,42,21,3,3,2,0,0,,
T4,CB,476,-48,YD,,,,0,0,0,0,,0,0,0,0,0,,,,,,
T4,CB,500,-3,GD,,H,,0,B,3,5,,19,26,39,20,8,8,3,1,0,0,
T4,CB,504,-30,OS,,,,0,0,0,0,,0,0,0,0,0,,,,,,
T4,CB,540,-32,RH,"!PHL, DB",,,0,0,0,0,,0,0,0,0,0,,,,,,
T4,CB,560,-50,BH,"out?, !PHL",F?,,0,0,0,0,,0,1,1,B,0,0,,,,,
T4,CB,574,34,GD,,H,,0,0,B,1,,2,3,6,3,1,1,0,0,0,,
T4,CB,597,-10,OS,,H,,0,0,B,B,,2,8,10,6,4,3,2,0,0,,
T4,CB,607,-19,BC,,,,0,0,0,0,,0,0,1,0,0,,,,,,
T4,CB,608,-11,GH,,H,,0,0,B,B,,2,3,6,8,3,2,2,0,0,,
T4,CB,735,14,RS,looks mostly dead,,,0,0,0,0,,0,0,0,0,0,,,,,,
T4,CB,848,-48,WC,,,,0,0,0,0,,0,0,0,0,0,,,,,,
T4,CB,849,49,GH,,,,0,0,0,0,,0,0,0,0,0,,,,,,
T4,CB,860,-17,RH,,H,,0,1,1,2,,1,4,9,7,2,2,2,0,0,,
T4,CB,866,50,WH,,H,,0,7,17,13,,35,35,70,69,36,33,34,24,15,13,
T4,CB,870,-44,BH,"big, !PHL, DB",H,,0,0,0,0,,0,0,2,2,0,0,,,,,
T4,CB,884,-3,GD,,,,0,0,0,0,,0,0,0,0,0,,,,,,
T4,CB,891,49,YC,"!PHL, incl pc to RT",F,,0,0,0,0,,0,0,0,4,2,2,2,,,,
T4,CB,893,-48,OH,"2 PCS, DB",,,0,0,0,0,,0,0,0,0,0,,,,,,
T4,CB,894,-11,BC,small,,,0,0,0,0,,0,0,0,0,0,,,,,,
T4,CB,896,-15,YS,,,,0,0,0,0,,0,0,0,0,0,,,,,,
T4,CB,897,-35,WH,,H?,,0,0,0,0,,0,0,1,1,0,B,B,0,0,,
T4,CB,897,16,OH,,,,0,0,0,0,,B,0,2,0,0,,,0,0,,
T4,CB,911,-3,BH,ST,,,0,0,0,0,,0,0,0,0,0,,,,,,
T4,CB,912,43,OH,"big, !PHL",H,,0,0,0,0,,B,0,B,3,3,2,1,0,0,,
T4,CB,937,12,BH,,F,,0,B,1,2,,4,9,13,6,3,2,1,1,0,0,
T4,CB,944,18,YH,,F,,0,B,B,0,,2,8,23,20,8,7,7,4,4,1,
T4,CB,960,-32,RH,,H,,0,B,B,3,,3,5,3,4,0,0,,,,,
T4,CB,970,-14,GD,,F,,0,23,12,0,,2,2,2,0,0,,,,,,
T4,CB,978,30,RD,big,H,,0,B,7,4,,14,32,97,108,53,50,47,21,6,4,
T4,CB,1141,49,YS,,H,,0,2,3,4,,7,9,18,15,9,5,4,1,0,0,
T4,CB,1198,4,GD,,H,,0,29,16,1,,3,3,2,1,0,B,1,0,0,,
T4,CB,1206,37,OS,,H,,0,B,3,0,,1,2,2,1,0,0,,,,,
T4,EA,162,12,RD,,,,0,0,0,0,,0,0,0,0,0,,,,,,
T4,EA,224,49,OD,,H,,0,0,0,0,,2,13,56,123,169,134,143,90,35,14,
T4,EA,249,50,YD,DB,F?,,0,0,0,0,,0,5,6,7,3,1,1,0,0,,
T4,EA,266,46,BH,,,,0,0,0,0,,0,0,0,1,0,0,,,1,1,
T4,EA,269,45,GS,DB,,,0,0,0,0,,0,B,0,8,19,6,13,5,4,3,
T4,EA,274,41,WC,,,,0,0,0,0,,0,B,0,4,4,1,1,0,0,,
T4,EA,280,39,RD,,,,0,0,0,0,,0,0,0,0,0,,,,,,
T4,EA,286,17,OC,,F,,0,0,0,0,,0,B,0,B,B,0,0,0,,,
T4,EA,295,-34,RC,,H?,,0,0,0,0,,3,6,20,30,27,13,19,8,0,0,
T4,EA,300,23,YD,,F,,0,0,0,0,,0,1,20,30,20,5,5,0,0,,
T4,EA,307,48,GD,,F,,0,0,0,0,,5,14,21,20,4,1,2,0,0,,
T4,EA,311,26,BH,,,,0,0,0,0,,0,0,0,0,0,,,,,,
T4,EA,313,36,WC,,,,0,0,0,0,,0,0,0,0,0,,,,,,
T4,EA,317,41,RS,,,,0,0,0,0,,0,0,0,0,0,,,,,,
T4,EA,344,32,OD,,,,0,0,0,0,,0,0,0,1,2,2,2,1,1,3,
T4,EA,404,26,YC,DB on left,F?,,0,0,0,0,,0,B,1,6,5,2,3,1,0,0,
T4,EA,412,17,BC,mostly dead,,,0,0,0,0,,0,0,0,0,0,,,,,,
T4,EA,425,19,RD,,,,,,,,,,,,,1,0,0,1,1,0,
T4,EA,448,-3,OH,"ST, 2 PCS",,,0,0,0,0,,0,1,0,3,2,0,1,1,1,0,
T4,EA,461,10,OH,"ST, 2 PCS, DB",,,0,0,0,0,,0,0,0,4,2,1,0,0,0,0,
T4,EA,469,-26,YD,,,,0,0,0,0,,0,0,0,0,1,6,8,19,16,12,
T4,EA,473,38,GS,,F,,0,0,0,0,,0,1,3,6,4,2,3,2,1,0,
T4,EA,507,-46,GS,,,,0,0,0,B,,0,3,9,14,6,1,2,0,0,,
T4,EA,545,-50,BH,"DB, 2 PCS",,,0,0,0,0,,0,0,0,1,2,1,0,0,0,,
T4,EA,631,36,RH,!PHL,H,,0,0,0,0,,3,23,49,69,76,57,46,17,8,2,
T4,EA,643,42,OD,DB,,,0,0,0,0,,0,0,0,0,0,,,,,,
T4,EA,745,18,YD,,F,,0,0,0,0,,3,3,1,3,0,,,,,,
T4,EA,749,8,RS,,F,,0,0,0,0,,6,14,19,24,10,4,3,2,0,0,
T4,EA,752,21,BH,2 PCS,H,,0,0,0,0,,0,2,14,22,7,2,3,0,0,,
T4,EA,758,9,OD,,H,,0,0,0,0,,0,2,1,2,0,0,,,,,
T4,EA,760,19,GH,3 PCS,H,,0,0,0,4,,17,35,52,61,20,4,4,2,0,0,
T4,EA,853,29,WH,,F,,0,0,0,3,,8,27,53,64,43,22,19,6,1,0,
T4,EA,865,-13,WC,,F,,0,0,0,0,,10,33,38,50,9,0,0,0,0,,
T4,EA,896,-11,RS,2 PCS,H,,0,0,0,2,,3,15,35,44,52,27,29,15,2,,
T4,EA,1201,19,RS,,,,0,0,0,0,,0,1,0,1,5,3,4,2,0,0,
T4,EA,1203,-24,BH,,,,0,0,0,0,,0,0,0,0,0,,,,,,
T4,EA,1266,31,OD,mostly dead,,,0,0,0,0,,0,B,0,B,1,1,1,0,0,,
T4,EA,1295,-9,YD,,F,,0,0,0,0,,0,1,0,0,0,,,,,,
T4,EB,22,-26,RS,,,,0,0,0,0,,0,0,0,0,0,0,,,,,
T4,EB,245,-1,OS,ST,F?,,0,0,0,0,,1,1,2,1,1,0,0,0,0,,
T4,EB,289,-34,WS,,,,0,0,0,0,,0,B,0,1,2,1,2,1,1,1,
T4,EB,290,0,GS,"ST, TP in front",F?,,0,0,0,0,,0,1,0,0,0,,,,,,
T4,EB,315,12,RC,,,,0,0,0,0,,0,0,0,0,0,0,,,,,
T4,EB,320,-10,YC,2 PCS,,,0,0,0,0,,0,0,0,0,0,0,,,,,
T4,EB,321,-46,WH,,,,0,0,0,0,,0,0,0,0,0,0,,,,,
T4,EB,357,-15,OH,,H,,0,B,B,0,,3,6,6,6,2,0,0,0,0,,
T4,EB,365,-43,BC,,F,,0,5,9,9,,8,8,11,5,4,0,1,0,0,,
T4,EB,367,-7,BH,,F?,,0,0,0,0,,0,1,7,8,8,5,5,0,0,,
T4,EB,501,20,BH,DB,,,0,0,0,0,,0,0,0,0,0,0,,,,,
T4,EB,515,,BH,,H,,,,,,,,,,,,5,4,2,0,0,
T4,EB,542,-38,YC,,,,0,0,0,0,,0,0,0,0,0,0,,,,,
T4,EB,543,-47,GH,,,,0,0,0,0,,0,B,0,1,0,0,,,,,
T4,EB,592,-42,BC,small,,,0,0,0,0,,0,0,0,0,0,0,,,,,
T4,EB,593,-30,OS,,F?,,0,0,0,0,,0,B,1,1,0,0,,,,,
T4,EB,604,-50,GS,out,,,0,0,0,0,,0,0,0,0,0,0,,,,,
T4,EB,630,-37,RC,,H,,0,10,8,9,,10,28,35,29,5,2,2,1,0,0,
T4,EB,679,33,WC,,,,0,0,0,0,,0,0,0,0,0,0,,,,,
T4,EB,681,5,OS,DB,,,0,0,0,0,,0,0,0,0,0,0,,,,,
T4,EB,690,-1,YD,tiny,,,0,0,0,0,,0,0,0,0,0,0,,,,,
T4,EB,700,13,BH,,,,0,0,0,0,,0,B,0,1,0,0,,,,,
T4,EB,712,33,YS,!PHL,H?,,0,B,B,0,,0,3,5,7,4,0,0,0,,,
T4,EB,712,46,RS,2 PCS,H,,0,0,0,0,,0,B,0,1,3,1,1,0,0,,
T4,EB,727,-50,BC,out,H,,0,B,B,0,,1,2,0,0,1,0,0,0,,,
T4,EB,740,-28,GD,,F,,0,0,0,0,,0,0,1,1,0,0,1,0,0,0,
T4,EB,742,-8,YS,2 PCS,,,0,0,0,0,,0,0,0,0,0,0,,,,,
T4,EB,748,-13,WC,,F,,0,0,B,0,,0,B,2,3,0,0,,,,,
T4,EB,748,8,WC,,H,,0,B,1,0,,2,2,2,1,0,0,,,,,
T4,EB,752,32,OH,DB,H?,,0,0,0,0,,0,1,2,3,4,4,4,3,1,1,
T4,EB,758,-22,RH,small,H?,,0,B,B,0,,0,1,1,2,1,0,1,1,0,0,
T4,EB,763,-20,BH,,H?,,0,B,B,0,,0,9,28,44,23,12,9,6,2,0,
T4,EB,765,-50,WC,not incl plt DL,,,0,0,0,0,,0,0,0,0,0,0,,,,,
T4,EB,774,-30,OS,small,,,0,0,0,0,,0,0,0,0,0,0,,,,,
T4,EB,775,-44,GS,small,,,0,0,0,0,,0,0,0,0,0,0,,,,,
T4,EB,775,-11,RC,,F?,,0,B,B,0,,0,3,6,10,6,0,,,,,
T4,EB,777,31,GD,,H,,0,4,6,7,,9,16,38,44,37,21,13,6,3,0,
T4,EB,790,-22,YS,,H,,0,B,1,0,,2,4,8,13,14,10,10,4,1,0,
T4,EB,792,26,YD,DB,F?,,0,0,B,0,,0,1,1,0,0,0,,,,,
T4,EB,802,41,RD,,H,,0,B,2,3,,7,14,19,23,11,1,1,1,0,0,
T4,EB,803,-8,OD,,,,0,0,0,0,,0,0,0,0,0,0,,,,,
T4,EB,810,-21,BH,"DB, small",,,0,0,0,0,,0,0,0,0,0,0,,,,,
T4,EB,853,0,OS,ST,H,,0,B,1,2,,4,8,8,5,2,1,0,0,,,
T4,EB,866,8,GS,,H,,0,2,2,0,,0,0,0,0,0,0,,,,,
T4,EB,867,-12,GH,2 PCS,H?,,0,B,B,0,,0,2,3,1,0,0,,,,,
T4,EB,880,-19,RC,"huge, DB",H?,,0,B,B,0,,0,4,18,22,24,19,23,22,20,14,
T4,EB,881,12,GD,,H,,0,1,5,4,,8,11,26,23,6,0,0,0,,,
T4,EB,935,30,RD,,H,,0,0,3,2,,0,2,2,1,0,0,,,,,
T4,EB,955,27,OH,,H,,0,0,0,,,,14,,10,2,2,0,0,,,
T4,EB,994,32,GS,,H,,0,0,0,,,,5,,3,0,0,,,,,
T4,EB,1296,-2,YH,"3 PCS, ST",H,,0,0,B,0,,0,6,15,15,22,12,12,9,6,2,
T5,CA,40,-4,RH,"mostly dead, !PHL",,,0,0,0,,0,0,0,0,0,0,0,,,,,
T5,CA,89,28,RD,,H,,0,4,10,,7,14,29,44,24,5,2,3,1,0,0,
T5,CA,90,-45,OD,,H,,0,2,5,,2,4,8,7,6,6,2,4,3,2,0,
T5,CA,124,27,GH,,H,,0,B,1,,2,2,3,2,0,0,0,0,,,,
T5,CA,144,-5,YS,TP top right,H,,0,B,B,,5,3,4,5,2,0,0,,,,,
T5,CA,148,24,RS,,F,POLL,0,4,6,,1,5,5,14,9,6,0,0,0,0,,
T5,CA,157,-17,GD,big,F,POLL,0,7,5,,4,5,6,17,24,3,0,0,0,0,,
T5,CA,183,38,WC,,F,CONTROL,0,8,1,,0,1,1,0,0,0,0,,,,,
T5,CA,186,19,GD,,,,0,0,0,,0,0,0,0,0,0,0,,,,,
T5,CA,203,-2,BH,"ST, TP top right",H,,0,2,3,,1,3,5,2,1,0,0,,,,,
T5,CA,326,-30,WC,"2 PCS, DB, !PHL",,,0,0,B,,0,0,0,0,0,0,0,,,,,
T5,CA,354,-35,RD,,H,,0,2,3,,1,0,2,4,0,0,0,,,,,
T5,CA,403,39,BC,,H,,0,B,2,,2,4,8,15,5,2,0,B,,,,
T5,CA,420,23,YD,,H,,0,19,2,,0,0,0,0,0,0,0,,,,,
T5,CA,433,26,WC,not incl plt D,H,,0,10,3,,2,7,13,10,2,2,1,0,0,,,
T5,CA,433,39,GS,,H,,0,4,0,,0,4,7,9,2,0,0,,,,,
T5,CA,440,15,OC,,H,,0,B,B,,3,2,2,1,0,0,0,,,,,
T5,CA,489,40,YC,,,,0,0,0,,0,0,0,0,0,0,0,,,,,
T5,CA,517,-7,OH,"TP top left, ST, !PHL",,,0,0,0,,0,0,0,0,0,0,0,,,,,
T5,CA,572,-57,YD,2 PCS,,,0,0,0,,0,0,0,0,0,0,0,,,,,
T5,CA,575,5,RS,"ST, !BC to R",H,,0,4,3,,1,1,3,2,0,0,0,,,,,
T5,CA,575,22,YS,,H,,0,2,B,,0,1,0,2,2,0,0,,,,,
T5,CA,586,0,BC,"ST, !RS to L",H,,0,6,9,,1,1,4,3,4,4,1,1,0,0,,
T5,CA,668,10,RD,,H,,0,2,1,,0,0,0,0,0,0,0,,,,,
T5,CA,703,50,WH,!PHL,H,,0,B,B,,B,1,0,1,0,1,1,1,1,0,0,
T5,CA,725,41,OH,,H,,0,B,B,,1,1,5,14,11,11,6,7,1,0,0,
T5,CA,737,-41,BC,,F,CONTROL,0,3,2,,2,2,5,3,2,0,0,,,,,
T5,CA,745,-53,WH,,H,,0,2,3,,6,8,17,15,3,2,2,1,1,0,0,
T5,CA,767,15,BC,,F,,0,B,1,,2,2,0,14,19,18,3,3,0,0,,
T5,CA,838,47,GD,,H,,0,8,8,,4,3,3,7,5,2,0,0,0,0,,
T5,CA,840,27,BH,TP to right + side,,,0,0,0,,0,0,0,1,0,0,0,,,,,
T5,CA,847,-48,OH,2 PCS,H,,0,B,B,,7,9,24,67,87,70,34,45,15,5,0,
T5,CA,885,21,OD,TP to right,H,,0,B,3,,0,0,1,11,12,7,2,3,1,1,1,
T5,CA,898,17,RD,,F?,,0,0,B,,1,2,3,2,2,0,0,,,,,
T5,CA,908,-45,BH,,H,,0,1,1,,0,0,0,0,0,0,0,,,,,
T5,CA,910,6,WH,"ST, TP to left + side",H,,0,1,1,,3,2,8,13,5,4,0,3,2,0,0,
T5,CA,920,47,GC,TP to left,F,,0,3,15,,13,16,35,88,73,51,22,17,6,0,0,
T5,CA,928,-58,RD,"small, out",,,0,B,0,,0,0,0,0,0,0,0,,,,,
T5,CA,957,60,BC,,F,,0,1,3,,11,11,31,71,66,33,7,6,3,1,0,
T5,CA,974,55,YD,,F,,0,B,B,,1,2,12,62,79,81,49,49,25,9,3,
T5,CA,980,-4,YS,"mostly dead, ST",,,0,0,0,,0,0,0,0,0,0,0,,,,,
T5,CA,981,48,OC,,H,,0,B,B,,3,8,17,26,25,30,8,11,6,3,1,
T5,CA,1003,48,RS,,H,,0,17,34,,39,60,62,23,8,2,0,0,,,,
T5,CA,1053,-38,WC,small,,,0,0,0,,0,0,0,0,0,0,0,,,,,
T5,CA,1064,-25,BC,,H,,0,B,1,,0,0,0,0,1,0,0,,,,,
T5,CA,1095,-47,RC,,,,0,B,B,,0,B,0,B,0,0,0,,,,,
T5,CA,1110,-7,OC,"tiny, L of TP",,,0,0,0,,0,0,0,0,0,0,0,,,,,
T5,CA,1137,-33,GH,,F?,,0,0,0,,B,B,0,1,B,B,0,,,,,
T5,CA,1160,-52,RH,not incl plt D,F,,0,1,B,,0,0,0,0,0,0,0,,,,,
T5,CB,0,8,RD,,H,,49,0,176,,10,11,20,8,0,0,0,,,,,
T5,CB,3,-1,OS,TP to R,F,,0,0,B,,0,B,0,1,0,0,0,,,,,
T5,CB,61,-19,RD,y = -49?,,,B,0,1,,0,B,0,0,0,0,0,,,,,
T5,CB,115,35,GS,,F,,0,0,B,,0,0,3,3,2,3,1,0,0,0,,
T5,CB,152,-41,OD,TP is in FRONT,F?,,0,0,2,,1,0,0,1,0,0,0,,0,,,
T5,CB,177,32,YC,TP to right,H,,27,0,69,,5,7,8,12,5,0,0,,,,,
T5,CB,268,21,BC,TP to right,F,,B,0,8,,9,17,20,37,9,0,0,,,,,
T5,CB,327,-50,YS,"couldn't find??, mostly dead, TP to left",H,,0,0,0,,,,5,,0,0,0,,,,,
T5,CB,341,-14,WC,,F,CONTROL,1,0,1,,4,3,9,9,2,0,1,1,0,0,,
T5,CB,349,-23,GH,,F,POLL,10,0,30,,16,25,41,71,29,3,0,0,0,0,,
T5,CB,350,-24,BD,,H,,1,0,2,,1,3,6,5,4,1,0,0,0,0,,
T5,CB,363,15,GH,,,,0,0,0,,0,0,0,0,0,0,0,,,,,
T5,CB,373,17,WH,,H,,B,0,23,,9,14,24,39,22,19,7,2,1,0,0,
T5,CB,402,-35,YS,,H,,B,0,2,,2,4,5,5,1,1,0,0,0,0,,
T5,CB,415,-55,RH,,,,0,0,0,,0,0,0,0,0,0,0,,,,,
T5,CB,421,-17,OH,,H,,1,0,0,,6,7,11,21,14,0,0,,,,,
T5,CB,428,-50,GD,,F,CONTROL,B,0,0,,18,34,52,58,22,5,0,0,0,0,,
T5,CB,434,-25,BH,,,,0,0,0,,0,0,0,0,0,0,0,,,,,
T5,CB,500,-42,OH,,H,,B,0,0,,10,16,60,82,107,71,35,30,4,0,0,
T5,CB,750,-30,BH,humongous,H,,B,0,0,,15,22,30,40,24,9,1,0,1,0,0,
T5,CB,790,20,RH,"3 PCS, DB",H,,B,0,9,,6,16,27,53,52,23,10,8,4,1,0,
T5,CB,841,40,OS,TP to left,,,0,0,0,,0,0,0,0,0,0,0,,,,,
T5,CB,848,7,YC,ST,H,,B,0,1,,1,2,4,3,1,1,0,0,0,,,
T5,CB,852,-27,WC,,F,,B,0,0,,2,2,9,2,1,0,0,,,,,
T5,CB,857,-11,YC,,,,0,0,0,,0,0,0,0,0,0,1,0,0,0,,
T5,CB,859,2,GS,"ST, TP top right",F,CONTROL,1,0,B,,0,0,0,0,B,0,0,,,,,
T5,CB,863,-50,RH,,F,,0,0,0,,B,0,1,3,1,3,0,0,0,0,,
T5,CB,877,0,BH,ST,F,,0,0,3,,1,3,4,11,13,8,1,0,0,0,,
T5,CB,881,44,RH,"TP bottom left, phlox",,,0,0,0,,0,0,0,0,0,0,0,,,,,
T5,CB,887,11,WH,buds,H,,3,0,61,,15,14,29,22,8,6,1,1,1,0,,
T5,CB,888,-19,YS,,,,0,0,0,,0,0,0,0,0,0,0,,,,,
T5,CB,919,24,OD,"dead? TP top R, DB",,,0,0,0,,0,0,0,0,0,0,0,,,,,
T5,CB,923,-31,OC,,,,0,0,0,,0,0,0,0,0,0,0,,,,,
T5,CB,972,-10,BH,,,,0,0,0,,0,0,0,0,0,0,0,,,,,
T5,CB,975,40,OS,,F,,0,0,2,,1,0,0,0,0,0,,,,,,
T5,CB,994,20,YS,buds,H,,14,0,15,,2,1,1,0,0,0,0,,,,,
T5,CB,1003,-42,WH,,H?,,0,0,0,,3,4,4,5,2,0,0,,,,,
T5,CB,1010,-12,GH,,H,,2,0,0,,2,3,5,5,3,1,0,1,0,0,,
T5,CB,1010,38,GH,"TP top left, 2 PLTS left = H right = F","H,F",POLL,2,0,30,,"0,2","0,2",0,0,0,0,0,,,,,
T5,CB,1018,-18,OD,,H,,B,0,0,,6,6,14,12,11,3,0,0,0,0,,
T5,CB,1022,34,BH,TP bottom right,,,0,0,0,,0,0,0,0,0,0,0,,,,,
T5,CB,1039,23,WC,TP top right,F,CONTROL,1,0,0,,0,0,0,0,0,0,0,,,,,
T5,CB,1092,-3,YD,buds,H,,21,0,0,,0,0,0,0,0,0,0,,,,,
T5,CB,1120,-37,BH,plt R of TP,H,,3,0,0,,0,0,0,1,0,0,0,,,,,
T5,CB,1125,-15,GC,,,,0,0,0,,0,0,0,0,0,0,0,,,,,
T5,CB,1144,-41,OD,plt L of TP,,,0,0,0,,0,0,0,0,0,0,0,,,,,
T5,CB,1148,-14,WC,tiny,,,0,0,0,,0,0,0,0,0,0,0,,,,,
T5,CC,132,-27,YH,,H,,0,0,71,,24,53,33,32,20,3,1,0,0,0,,
T5,CC,225,-20,WC,,H,,0,0,25,,16,39,31,51,65,25,9,5,1,0,0,
T5,CC,262,-40,GH,,F,POLL,0,0,59,,12,25,13,9,5,0,0,,,,,
T5,CC,348,-14,OS,,H,,0,0,31,,22,58,54,65,51,14,2,3,0,0,0,
T5,CC,456,46,GS,,H,,0,0,97,,72,114,91,96,18,0,0,,,,,
T5,CC,560,50,YD,,H,,0,0,B,,1,1,1,B,1,0,0,,,,,
T5,CC,600,-37,GD,,,,0,0,0,,0,0,0,0,0,0,0,,,,,
T5,CC,629,-38,WH,,H,,0,0,B,,0,1,5,4,7,8,2,5,1,0,0,
T5,CC,634,30,GS,,F,,0,0,1,,0,3,1,0,0,0,0,,,,,
T5,CC,651,25,BD,DB,H,,0,0,B,,0,1,4,8,6,7,5,10,11,9,7,
T5,CC,722,-45,BD,,,,0,0,0,,0,0,0,0,0,0,0,,,,,
T5,CC,757,-50,WH,!PHL,,,0,0,0,,0,0,0,0,0,0,0,,,,,
T5,CC,803,-17,RD,DB,H,,0,0,1,,0,0,2,2,1,0,0,,,,,
T5,CC,830,-44,GS,,,,0,0,0,,0,0,0,0,0,0,0,,,,,
T5,CC,872,15,RD,,F,CONTROL,0,0,6,,3,3,2,2,0,0,0,,,,,
T5,CC,876,48,WH,,,,0,0,0,,0,0,0,0,0,0,0,,,,,
T5,CC,905,18,BH,pos. y,,,0,0,0,,0,0,0,0,0,0,0,,,,,
T5,CC,945,55,YH,pos. y,H,,0,0,B,,0,B,2,0,0,0,0,,,,,
T5,CC,953,-27,RH,neg. y,,,0,0,0,,0,0,0,0,0,0,0,,,,,
T5,CC,1016,20,GH,behind rock is silene,,,0,0,0,,0,0,0,0,0,0,0,,,,,
T5,CC,1097,50,YD,"majority dead, phlox",F,,0,0,11,,0,13,10,12,12,0,0,,,,,
T5,CC,1140,-8,YH,,,,0,0,0,,,0,0,0,0,0,0,,,,,
T5,EA,26,-4,GS,ST,F,POLL,0,27,0,,0,0,8,1,0,,0,0,0,,,
T5,EA,33,-30,WH,,H,,0,2,0,,18,30,77,120,201,,79,59,34,12,4,
T5,EA,33,10,RD,DB dead?,F,,0,3,0,,0,0,0,0,1,0,0,,,,,
T5,EA,47,0,OH,ST,,,0,1,0,,0,0,2,0,0,0,,,,,,
T5,EA,68,-42,RS,,H,,0,1,0,,10,29,96,140,204,,83,58,27,15,7,
T5,EA,96,18,YD,,H,,0,4,0,,10,15,26,22,35,9,7,7,1,0,0,
T5,EA,215,6,BH,,H,,0,5,0,,10,13,8,5,2,0,,,,,,
T5,EA,240,-48,WH,,F?,,0,B,0,,0,0,1,0,0,,0,0,0,,,
T5,EA,252,-33,OS,big,H,,0,20,0,,34,70,165,113,138,,26,18,4,0,0,
T5,EA,382,50,GD,out?,F,,0,B,0,,2,9,29,46,45,13,5,3,0,2,3,
T5,EA,514,40,WC,,F,CONTROL,0,9,0,,1,0,0,0,0,0,0,,,,,
T5,EA,522,44,RS,,H,,0,2,0,,3,4,8,23,30,12,8,2,1,0,0,
T5,EA,540,10,OS,"TP to right, !PHL",F,,0,1,0,,0,0,2,3,0,0,0,,,,,
T5,EA,566,5,YC,ST,H,,0,1,0,,6,4,17,21,24,3,4,2,1,0,0,
T5,EA,580,-37,BC,,F,,0,B,0,,0,0,B,0,B,,0,0,0,,,
T5,EA,586,-43,YS,tiny,,,0,0,0,,0,0,0,0,0,,0,0,,,,
T5,EA,593,-6,GH,small,,,0,0,0,,0,0,0,0,0,,0,,,,,
T5,EA,595,-35,OC,huge,F,,0,45,0,,15,21,60,36,36,,3,1,0,0,,
T5,EA,607,5,GC,,H,,0,1,0,,0,0,4,3,0,0,0,,,,,
T5,EA,611,44,BH,,H,,0,3,0,,13,10,21,14,13,3,2,1,2,2,2,
T5,EA,613,-3,WH,ST,,,0,0,0,,0,0,0,0,0,,0,,,,,
T5,EA,625,-10,RC,,H,,0,1,0,,3,9,14,24,8,,2,1,0,0,,
T5,EA,627,-35,YC,DB,F,,0,B,0,,0,0,5,3,7,,1,1,0,0,,
T5,EA,630,-25,RS,,,,0,0,0,,0,0,0,0,0,,0,,,,,
T5,EA,633,-9,BD,,H,,0,B,0,,0,0,3,4,5,,5,4,3,1,1,
T5,EA,640,0,OC,"ST, 2 PCS",H,,0,1,0,,2,3,7,10,8,8,8,8,3,1,0,
T5,EA,646,48,WH,TP to right,F,,0,10,0,,16,17,43,43,24,1,1,1,1,1,1,
T5,EA,652,17,RD,TP to right,H,,0,10,0,,5,11,20,23,12,4,1,1,0,0,0,
T5,EA,666,49,YD,,H,,0,6,0,,23,22,47,41,23,2,2,0,0,,,
T5,EA,670,-35,BH,,H,,0,B,0,,2,3,5,7,5,,0,0,0,,,
T5,EA,672,-7,GD,,H,,0,1,0,,2,1,5,5,3,,0,0,0,,,
T5,EA,676,6,WH,ST,H,,0,B,0,,0,2,7,10,10,3,1,0,0,,,
T5,EA,677,-15,WH,small,H,,0,0,0,,1,1,0,0,0,,0,,,,,
T5,EA,680,-7,OD,small,,,0,0,0,,0,0,0,0,0,,0,,,,,
T5,EA,682,38,OD,,H,,0,B,0,,5,2,7,11,5,0,0,,,,,
T5,EA,687,-25,YC,"mostly dead, small",H,,0,B,0,,0,0,5,0,7,,0,1,1,1,0,
T5,EA,690,-49,WS,,H,,0,B,0,,3,8,26,50,62,33,18,12,2,0,1,
T5,EA,690,39,YS,,F,,0,B,0,,2,2,8,15,6,2,2,2,2,0,0,
T5,EA,693,-36,RC,,F,,0,2,0,,6,10,48,65,45,7,3,2,0,0,,
T5,EA,695,-5,RD,"huge, spans tape","F,H",,0,65,0,,38,18,122,114,"71,34",15,25,"9,7","1,3",0,0,
T5,EA,699,41,GS,"TP to left, !PHL",H,,0,B,0,,0,1,2,3,2,0,0,,,,,
T5,EA,707,40,BC,!PHL,H,,0,17,0,,3,8,24,34,38,13,7,4,1,1,0,
T5,EA,725,25,YS,"behind rock, on pos. y side",F,,0,1,0,,1,0,0,0,0,0,0,,,,,
T5,EA,810,-26,RC,"mostly dead, !PHL",H,,0,B,0,,19,24,43,44,30,2,2,1,0,0,,
T5,EA,820,0,BC,ST,F,,0,0,0,,0,0,3,16,4,1,1,0,0,0,,
T5,EA,830,-16,OC,,H,,0,2,0,,3,7,16,17,17,1,0,0,0,0,,
T5,EA,835,-34,GC,,H,,0,3,0,,2,1,9,13,5,1,1,1,0,0,,
T5,EA,861,40,RD,TP to left,H,,0,6,0,,15,4,6,9,8,3,1,1,0,0,,
T5,EA,895,-49,GC,,H,,0,B,0,,0,1,3,2,2,0,0,,,,,
T5,EA,917,-3,RS,!PHL,,,0,0,0,,0,0,0,0,0,0,0,,,,,
T5,EA,935,-27,BH,,H,,0,8,0,,2,1,2,1,0,0,0,,,,,
T5,EA,980,11,WH,,H?,,0,B,0,,0,0,B,1,4,0,0,0,0,,,
T5,EA,984,-3,WH,,F,,0,0,0,,0,0,0,0,0,0,1,0,0,0,,
T5,EA,1020,-42,OD,!PHL,,,0,0,0,,0,0,0,0,0,0,,,,,,
T5,EA,1040,-47,YH,,,,0,0,0,,0,0,0,0,0,0,,,,,,
T5,EA,1068,22,GD,,F,,0,2,0,,0,0,1,0,0,0,0,,,,,
T5,EA,1068,49,RH,,H,,0,10,0,,3,6,11,14,16,1,1,1,0,0,,
T5,EA,1158,12,YD,,,,0,0,0,,0,0,0,0,0,0,0,,,,,
T5,EA,1192,33,OS,,H,,0,B,0,,0,1,1,6,6,3,0,0,0,,,
T5,EB,15,-27,RH,"huge , DB",H,,B,0,0,,0,1,6,15,12,5,8,8,1,1,0,
T5,EB,50,-12,GD,small,,,0,0,0,,0,0,0,0,0,0,0,,,,,
T5,EB,58,-8,YC,,H,,B,0,0,,4,3,12,17,10,1,1,0,0,0,,
T5,EB,77,-26,BC,tiny,,,0,0,0,,0,0,0,0,0,0,0,,,,,
T5,EB,97,28,GS,,H,,B,0,0,,4,4,12,13,14,2,2,0,0,0,,
T5,EB,122,-19,YH,mostly dead,,,B,0,0,,8,10,47,88,115,52,41,38,12,6,2,
T5,EB,187,48,RS,,H,,B,0,0,,53,74,146,186,133,18,17,16,4,0,0,
T5,EB,315,49,WH,DB,,,0,0,0,,0,0,0,0,0,0,,,,,,
T5,EB,336,47,RS,DB,F?,,0,0,0,,0,0,1,0,0,0,,,,,,
T5,EB,464,8,OC,B,F,POLL,22,0,0,,4,9,24,15,7,0,1,1,0,0,,
T5,EB,527,-43,BH,,,,0,0,0,,0,0,B,0,0,0,0,,,,,
T5,EB,531,18,GS,,H,,B,0,0,,0,0,1,1,1,0,,,,,,
T5,EB,541,0,OD,,,,0,0,0,,0,0,0,0,0,0,,,,,,
T5,EB,545,-1,WH,ST,H,,B,0,0,,0,0,2,1,1,0,0,,,,,
T5,EB,549,0,BH,,H,,B,0,0,,0,3,5,5,4,0,0,,,,,
T5,EB,556,0,YC,,H,,1,0,0,,6,6,5,4,2,0,0,,,,,
T5,EB,633,-17,RC,!PHL,H,,B,0,0,,0,0,6,14,13,2,2,2,0,0,,
T5,EB,640,-27,BH,,H,,B,0,0,,4,5,4,4,1,0,0,,,,,
T5,EB,670,-37,OS,didn't map past 7m,H,,B,0,0,,12,16,26,51,43,18,8,4,2,0,0,
T5,EB,769,14,RH,TP top right,F,CONTROL,4,0,0,,3,2,2,1,0,0,0,,,,,
T5,EB,785,13,OS,,H,,B,0,0,,1,0,0,0,0,0,,,,,,
T5,EB,799,39,GD,!PHL,F,,0,0,0,,1,0,1,0,1,0,,,,,,
T5,EB,806,24,YH,DB,H?,,B,0,0,,0,0,1,4,2,0,0,,,,,
T5,EB,819,9,BC,TP top left,H,,0,0,0,,1,0,0,2,4,2,3,1,0,0,,
T5,EB,840,-5,WH,"ST, TP top right",H,,B,0,0,,0,2,4,0,0,0,0,3,0,0,,
T5,EB,849,3,RC,small,,,0,0,0,,0,0,0,0,0,0,,,,,,
T5,EB,863,40,YS,dead?,,,0,0,0,,0,0,0,0,0,0,,,,,,
T5,EB,864,0,OH,"ST, TP top left",H,,B,0,0,,4,7,10,16,16,1,0,0,0,0,,
T5,EB,867,-6,GC,"ST, dead?",,,0,0,0,,0,0,0,0,0,0,0,,,,,
T5,EB,895,20,BH,dead?,,,0,0,0,,0,0,0,0,0,0,,,,,,
T5,EB,895,29,WH,"dead?, TP top left",,,0,0,0,,0,0,0,0,0,0,,,,,,
T5,EB,906,11,RC,"TP mid left, DB, 2 PCS",,,0,0,0,,0,0,0,0,0,0,,,,,,
T5,EB,914,14,OS,dead?,,,0,0,0,,0,0,0,0,0,0,,,,,,
T5,EB,920,33,YC,dead?,,,0,0,0,,0,0,0,0,0,0,,,,,,
T5,EB,926,37,WH,"dead?, 2 PCS",,,0,0,0,,0,0,0,0,0,0,,,,,,
T5,EB,932,29,GC,,H,,6,0,0,,4,6,6,6,5,0,0,,,,,
T5,EB,939,7,RD,"ST, mostly dead",F,,0,0,0,,0,0,B,0,3,2,2,2,2,1,0,
T5,EB,939,24,BH,,,,0,0,0,,0,0,0,0,0,0,,,,,,
T5,EB,963,50,OC,TP top left,H,,B,0,0,,7,6,3,6,1,0,0,,,,,
T5,EB,1149,0,RS,ST,F,,B,0,0,,10,12,12,6,6,0,0,,,,,
T5,EB,1166,47,BC,,,,0,0,0,,0,0,B,4,7,4,4,2,1,0,0,